Participant;Condition;Roundnr;Date;Time;Subjective_performance;Self-efficacy;Fluency;corrected_tick;remaining_rocks;victim_harm;idle_ticks;Human_idle;Human productive actions;Human move actions;Robot_idle;Robot productive actions;Robot move actions
4005;C1;1;date_26d-03m-2024y;time_15h-06m-51s;10;65;24;2582;;400;1;2292;67;243;325;253;1441
4005;C1;2;date_26d-03m-2024y;time_15h-13m-26s;30;80;49.2;3000;16;400;4;2692;51;277;1799;44;946
4005;C1;3;date_26d-03m-2024y;time_15h-17m-49s;100;100;62;1312;;0;1;1086;35;211;584;66;352
4005;C1;4;date_26d-03m-2024y;time_15h-21m-43s;0;70;2;3000;6;600;6;2657;85;278;1326;231;1111
4005;C1;5;date_26d-03m-2024y;time_15h-26m-14s;6;29;2;1315;23;400;2;1144;25;166;708;33;429
4005;C1;6;date_26d-03m-2024y;time_15h-29m-27s;2;16;0;2355;12;1000;2;2097;37;241;780;319;1045
4005;C1;7;date_26d-03m-2024y;time_15h-33m-35s;62;70;54.16666667;2089;;0;1;1781;48;280;591;77;1232
4005;C1;8;date_26d-03m-2024y;time_15h-37m-02s;8;25;0;2321;15;1300;1;2072;32;237;42;165;1672
4006;C1;1;date_02d-05m-2024y;time_15h-03m-55s;2;0;0.4;3000;14;1600;6;2629;80;311;765;220;1562
4006;C1;2;date_02d-05m-2024y;time_15h-07m-16s;2;1;2;3000;12;2400;1;2701;57;262;655;88;1903
4006;C1;3;date_02d-05m-2024y;time_15h-11m-21s;18;18;52.8;3000;13;800;1;2592;73;355;710;198;1782
4006;C1;4;date_02d-05m-2024y;time_15h-15m-14s;10;26;18.6;3000;9;800;1;2676;148;196;501;473;1584
4006;C1;5;date_02d-05m-2024y;time_15h-19m-11s;64;86;60.8;2813;;0;5;2357;163;313;1480;187;803
4006;C1;6;date_02d-05m-2024y;time_15h-23m-10s;36;44;40.6;2211;13;600;2;1836;87;308;713;110;1188
4006;C1;7;date_02d-05m-2024y;time_15h-26m-02s;28;38;37.16666667;1289;26;500;3;1107;42;160;330;253;495
4006;C1;8;date_02d-05m-2024y;time_15h-28m-28s;14;34;21.2;3000;21;400;1;2579;117;324;1381;176;1210
4007;C1;1;date_03d-05m-2024y;time_13h-10m-08s;0;20;8;3000;18;2000;1;2499;70;451;655;154;1628
4007;C1;2;date_03d-05m-2024y;time_13h-13m-09s;22;19;17.8;3000;15;500;1;2506;74;440;1216;121;1353
4007;C1;3;date_03d-05m-2024y;time_13h-18m-28s;23;20;23.8;3000;5;1400;1;2593;63;364;622;286;1738
4007;C1;4;date_03d-05m-2024y;time_13h-22m-37s;30;26;33;2005;;200;2;1591;47;387;661;176;946
4007;C1;5;date_03d-05m-2024y;time_13h-29m-07s;5;30;16;2559;7;2100;6;2226;36;317;434;242;1551
4007;C1;6;date_03d-05m-2024y;time_13h-31m-25s;14;30;26.2;3000;10;1900;1;2665;34;321;666;231;1749
4007;C1;7;date_03d-05m-2024y;time_13h-36m-11s;20;20;16.66666667;3000;19;800;2;2725;56;239;2008;209;649
4007;C1;8;date_03d-05m-2024y;time_13h-40m-33s;40;30;50.6;3000;14;600;1;2610;63;347;1953;264;671
4008;C1;1;date_03d-05m-2024y;time_11h-16m-47s;15;40;47.2;3000;14;0;1;2507;41;472;765;132;1716
4008;C1;2;date_03d-05m-2024y;time_11h-19m-43s;35;30;21;2745;;300;1;2424;38;303;873;121;1386
4008;C1;3;date_03d-05m-2024y;time_11h-23m-57s;39;70;44;3000;6;800;1;2482;56;482;1436;99;1287
4008;C1;4;date_03d-05m-2024y;time_11h-28m-18s;45;70;51;3000;7;600;1;2311;50;659;1491;143;1045
4008;C1;5;date_03d-05m-2024y;time_11h-32m-11s;26;35;20;2621;15;1100;1;2215;28;398;1541;88;781
4008;C1;6;date_03d-05m-2024y;time_11h-36m-35s;30;70;26.8;3000;9;300;1;2404;42;574;1876;143;748
4008;C1;7;date_03d-05m-2024y;time_11h-40m-45s;55;80;65.33333333;2489;;0;6;1894;41;574;947;176;1067
4008;C1;8;date_03d-05m-2024y;time_11h-44m-11s;83;82;82.2;1596;15;400;1;1322;21;273;428;209;715
4009;C1;1;date_11d-04m-2024y;time_15h-20m-19s;0;20;0;3000;28;800;3;2738;29;253;1029;154;1463
4009;C1;2;date_11d-04m-2024y;time_15h-24m-51s;20;10;16;3000;15;0;1;2761;36;223;600;154;1738
4009;C1;3;date_11d-04m-2024y;time_15h-32m-22s;45;36;72;3000;5;300;1;2684;35;301;490;253;1782
4009;C1;4;date_11d-04m-2024y;time_15h-35m-01s;30;60;58.4;2972;;900;1;2617;55;320;1045;132;1397
4009;C1;5;date_11d-04m-2024y;time_15h-39m-45s;0;70;0;3000;13;700;1;2701;41;278;1370;275;913
4009;C1;6;date_11d-04m-2024y;time_15h-44m-54s;0;0;0;3000;24;700;4;2616;88;316;1744;154;902
4009;C1;7;date_11d-04m-2024y;time_15h-49m-47s;25;40;30;3000;18;400;3;2806;38;176;1568;198;1001
4009;C1;8;date_11d-04m-2024y;time_15h-54m-37s;0;0;0;3000;21;800;1;2794;23;203;325;275;2189
4010;C1;1;date_04d-04m-2024y;time_17h-43m-28s;16;70;40.4;3000;10;300;1;2633;28;359;600;220;1815
4010;C1;2;date_04d-04m-2024y;time_17h-46m-34s;25;61;42.8;3000;19;0;4;2768;69;183;853;187;1617
4010;C1;3;date_04d-04m-2024y;time_17h-49m-24s;30;74;46.8;3000;15;1200;1;2694;78;248;820;110;1727
4010;C1;4;date_04d-04m-2024y;time_17h-52m-32s;37;78;49.4;2996;5;1800;1;2636;60;320;717;286;1573
4010;C1;5;date_04d-04m-2024y;time_17h-55m-19s;39;84;49.8;2744;16;1600;1;2481;81;202;553;275;1474
4010;C1;6;date_04d-04m-2024y;time_18h-06m-17s;37;89;45.4;1697;12;2100;5;1455;37;225;474;198;814
4010;C1;7;date_04d-04m-2024y;time_18h-09m-06s;38;86;56.16666667;1893;15;1000;1;1614;42;257;373;154;1232
4010;C1;8;date_04d-04m-2024y;time_18h-11m-54s;36;100;51.8;3000;21;1200;1;2638;52;330;490;121;2233
4011;C1;1;date_04d-04m-2024y;time_13h-09m-23s;0;20;0;3000;23;900;1;2810;30;180;710;176;1749
4011;C1;2;date_04d-04m-2024y;time_13h-12m-33s;0;20;0;3000;16;200;1;2670;50;300;1381;209;1034
4011;C1;3;date_04d-04m-2024y;time_13h-17m-08s;0;0;0;2832;;700;1;2515;69;268;1939;187;506
4011;C1;4;date_04d-04m-2024y;time_13h-22m-24s;0;0;0;3000;21;400;1;2913;15;92;380;231;2178
4011;C1;5;date_04d-04m-2024y;time_13h-26m-22s;0;0;0;3000;20;800;1;2725;52;243;875;132;1474
4011;C1;6;date_04d-04m-2024y;time_13h-30m-01s;25;30;22;2722;;0;4;2404;35;303;1576;77;781
4011;C1;7;date_04d-04m-2024y;time_13h-34m-35s;0;0;3.333333333;3000;15;1000;1;2838;19;163;1821;143;660
4011;C1;8;date_04d-04m-2024y;time_13h-39m-52s;0;0;0;2003;25;300;2;1839;13;171;824;99;847
4012;C1;1;date_10d-04m-2024y;time_10h-49m-10s;11;0;0;2996;9;700;1;2530;39;447;937;121;1529
4012;C1;2;date_10d-04m-2024y;time_11h-01m-45s;100;75;51.2;2287;;400;1;1866;33;408;536;176;1375
4012;C1;3;date_10d-04m-2024y;time_11h-04m-57s;34;25;29.8;3000;6;1700;1;2551;35;434;941;220;1474
4012;C1;4;date_10d-04m-2024y;time_11h-09m-04s;77;44;64.4;1584;;900;1;1278;34;292;372;176;770
4012;C1;5;date_10d-04m-2024y;time_11h-12m-18s;32;26;22;1991;11;1700;1;1576;41;394;372;187;1012
4012;C1;6;date_10d-04m-2024y;time_11h-16m-14s;0;7;14;1961;18;500;6;1469;49;463;1200;55;605
4012;C1;7;date_10d-04m-2024y;time_11h-20m-07s;0;0;0;1993;14;1000;1;1594;38;381;759;88;924
4012;C1;8;date_10d-04m-2024y;time_11h-22m-55s;38;0;29.6;2841;6;800;1;2369;39;453;1211;165;1133
4013;C1;1;date_11d-04m-2024y;time_13h-03m-10s;20;95;70.8;3000;23;300;1;2816;30;174;985;121;1518
4013;C1;2;date_11d-04m-2024y;time_13h-10m-13s;65;75;61.6;3000;18;800;1;2730;44;246;1040;88;1562
4013;C1;3;date_11d-04m-2024y;time_13h-18m-23s;70;75;67.8;3000;17;500;1;2798;28;194;545;220;1859
4013;C1;4;date_11d-04m-2024y;time_13h-25m-32s;68;68;63.6;3000;13;900;3;2709;39;272;1678;132;946
4013;C1;5;date_11d-04m-2024y;time_13h-30m-22s;72;75;72.2;2427;;500;1;2180;29;238;1204;110;781
4013;C1;6;date_11d-04m-2024y;time_13h-35m-17s;75;70;76.2;3000;8;0;3;2717;32;271;974;297;1364
4013;C1;7;date_11d-04m-2024y;time_13h-39m-47s;75;75;72.5;3000;10;600;1;2753;32;235;1106;286;1199
4013;C1;8;date_11d-04m-2024y;time_13h-45m-16s;75;72;69.2;3000;12;1300;6;2744;32;244;1161;176;1188
4014;C1;1;date_16d-04m-2024y;time_09h-38m-34s;25;75;47.8;3000;7;400;1;2616;69;335;545;198;1826
4014;C1;2;date_16d-04m-2024y;time_09h-44m-31s;59;80;66.4;3000;19;0;2;2639;106;275;996;143;1573
4014;C1;3;date_16d-04m-2024y;time_09h-50m-49s;49;69;50.6;3000;11;900;1;2584;126;310;655;253;1650
4014;C1;4;date_16d-04m-2024y;time_09h-55m-09s;55;81;58;3000;7;800;6;2566;99;355;930;132;1452
4014;C1;5;date_16d-04m-2024y;time_09h-59m-43s;54;70;57.6;2513;;600;1;2189;118;226;828;286;1210
4014;C1;6;date_16d-04m-2024y;time_10h-04m-21s;18;52;23;3000;25;400;1;2621;69;330;1601;209;858
4014;C1;7;date_16d-04m-2024y;time_10h-08m-28s;20;66;56;2519;16;500;2;2198;83;258;1219;121;990
4014;C1;8;date_16d-04m-2024y;time_10h-12m-37s;79;75;67.2;3000;15;0;1;2628;56;336;1711;88;979
4015;C1;1;date_12d-04m-2024y;time_15h-03m-39s;0;14;0;3000;21;1200;5;2880;25;115;754;198;1639
4015;C1;2;date_12d-04m-2024y;time_15h-10m-10s;0;0;0;3000;23;1300;1;2890;19;111;875;154;1584
4015;C1;3;date_12d-04m-2024y;time_15h-15m-22s;3;22;8.6;3000;16;1400;1;2810;37;173;710;110;1815
4015;C1;4;date_12d-04m-2024y;time_15h-19m-36s;0;9;6;3000;17;1000;1;2816;30;174;545;253;1991
4015;C1;5;date_12d-04m-2024y;time_15h-24m-12s;0;8;4.4;3000;22;600;5;2794;37;189;2140;77;528
4015;C1;6;date_12d-04m-2024y;time_15h-28m-40s;0;0;2.6;1138;29;700;5;1090;15;53;399;33;616
4015;C1;7;date_12d-04m-2024y;time_15h-31m-11s;11;7;13.5;2181;16;1100;1;2049;25;127;265;319;1287
4015;C1;8;date_12d-04m-2024y;time_15h-34m-03s;0;7;0.8;3000;31;500;1;2778;36;206;1854;55;1056
4016;C1;1;date_07d-05m-2024y;time_13h-04m-13s;36;30;32.4;3000;11;300;1;2731;43;246;600;330;1628
4016;C1;2;date_07d-05m-2024y;time_13h-08m-26s;10;14;12;3000;19;500;1;2735;54;231;765;154;1760
4016;C1;3;date_07d-05m-2024y;time_13h-12m-37s;37;28;25;3000;6;1000;1;2713;44;263;831;231;1650
4016;C1;4;date_07d-05m-2024y;time_13h-17m-08s;28;14;15.2;2883;;300;1;2548;51;304;1495;176;880
4016;C1;5;date_07d-05m-2024y;time_13h-21m-38s;17;25;20.6;2311;12;1700;2;2070;34;227;769;154;1111
4016;C1;6;date_07d-05m-2024y;time_13h-25m-05s;16;11;5.8;1967;7;1200;1;1684;39;264;656;253;814
4016;C1;7;date_07d-05m-2024y;time_13h-28m-05s;7;9;10.5;2355;8;1400;1;2101;40;234;593;242;1155
4016;C1;8;date_07d-05m-2024y;time_13h-31m-02s;10;8;11.6;2219;18;300;1;2061;22;156;1315;121;638
4017;C1;1;date_18d-04m-2024y;time_11h-10m-45s;17;64;20;1942;;200;1;1637;42;283;477;99;1001
4017;C1;2;date_18d-04m-2024y;time_11h-14m-04s;6;30;8.2;3000;10;700;1;2438;75;507;545;154;1804
4017;C1;3;date_18d-04m-2024y;time_11h-18m-39s;2;3;1.6;3000;9;600;1;2507;45;468;1216;220;1199
4017;C1;4;date_18d-04m-2024y;time_11h-22m-33s;37;33;61;3000;5;500;1;2501;40;479;1150;77;1331
4017;C1;5;date_18d-04m-2024y;time_11h-26m-38s;0;5;1;3000;27;700;1;2431;40;549;996;385;1342
4017;C1;6;date_18d-04m-2024y;time_11h-30m-40s;62;38;64;1509;;200;2;1228;23;278;440;187;715
4017;C1;7;date_18d-04m-2024y;time_11h-33m-08s;41;20;31.16666667;1951;14;900;1;1667;22;282;486;209;891
4017;C1;8;date_18d-04m-2024y;time_11h-35m-48s;0;0;0;3000;24;300;1;2616;21;383;1271;319;1188
4018;C1;1;date_18d-04m-2024y;time_15h-03m-49s;30;65;46.8;3000;17;0;1;2663;40;317;710;77;2024
4018;C1;2;date_18d-04m-2024y;time_15h-07m-30s;31;29;28.2;3000;16;0;1;2636;39;345;985;99;1606
4018;C1;3;date_18d-04m-2024y;time_15h-11m-43s;30;27;30.4;3000;11;1800;1;2687;33;300;721;352;1562
4018;C1;4;date_18d-04m-2024y;time_15h-15m-21s;26;35;24.6;3000;15;400;1;2666;33;321;886;253;1573
4018;C1;5;date_18d-04m-2024y;time_15h-19m-09s;36;31;20.2;2511;21;400;1;2318;15;198;485;231;1408
4018;C1;6;date_18d-04m-2024y;time_15h-22m-06s;50;55;51.6;2386;;300;1;2063;31;312;547;231;1298
4018;C1;7;date_18d-04m-2024y;time_15h-26m-23s;31;40;25.5;3000;21;800;1;2826;15;179;1546;209;957
4018;C1;8;date_18d-04m-2024y;time_15h-29m-59s;26;30;19.2;3000;17;0;1;2629;33;358;1986;66;759
4019;C1;1;date_19d-04m-2024y;time_15h-06m-58s;0;27;0;3000;14;2600;1;2832;24;164;655;143;1969
4019;C1;2;date_19d-04m-2024y;time_15h-11m-23s;56;-1;58.6;3000;15;600;6;2637;35;348;1271;154;1309
4019;C1;3;date_19d-04m-2024y;time_15h-16m-01s;14;35;37.8;3000;21;200;1;2622;48;350;1854;121;770
4019;C1;4;date_19d-04m-2024y;time_15h-19m-50s;27;23;47.8;3000;17;1300;1;2498;42;480;1381;121;1320
4019;C1;5;date_19d-04m-2024y;time_15h-23m-40s;32;32;59.6;3000;17;300;1;2769;20;231;1403;99;1166
4019;C1;6;date_19d-04m-2024y;time_15h-28m-06s;0;29;23;2987;12;1000;1;2562;36;409;1599;55;1111
4019;C1;7;date_19d-04m-2024y;time_15h-32m-31s;6;21;34.83333333;3000;21;100;1;2452;43;525;2206;44;638
4019;C1;8;date_19d-04m-2024y;time_15h-36m-06s;0;0;57.8;3000;16;900;6;2790;20;210;1876;121;770
4020;C1;1;date_23d-04m-2024y;time_09h-19m-27s;20;70;59.4;3000;9;500;1;2508;56;456;886;132;1628
4020;C1;2;date_23d-04m-2024y;time_09h-23m-50s;71;70;56.4;2943;;1000;1;2242;39;682;785;220;1529
4020;C1;3;date_23d-04m-2024y;time_09h-29m-14s;13;14;9;3000;14;2500;1;2361;45;614;875;110;1694
4020;C1;4;date_23d-04m-2024y;time_09h-34m-23s;0;0;0;3000;26;0;1;2604;46;370;2844;44;110
4020;C1;5;date_23d-04m-2024y;time_09h-38m-16s;13;20;42.2;2701;11;1200;1;1958;56;707;1984;132;462
4020;C1;6;date_23d-04m-2024y;time_09h-41m-22s;36;10;45.2;2825;14;900;5;2398;56;391;1459;143;979
4020;C1;7;date_23d-04m-2024y;time_09h-54m-22s;17;13;31.16666667;2095;20;1200;3;1609;48;458;1620;88;275
4020;C1;8;date_23d-04m-2024y;time_09h-59m-29s;78;0;78.6;2483;7;1400;1;1907;91;505;1370;110;825
4021;C1;1;date_23d-04m-2024y;time_11h-17m-52s;20;20;32;2660;;500;1;2169;51;460;656;143;1430
4021;C1;2;date_23d-04m-2024y;time_11h-23m-35s;10;50;10;3000;6;900;1;2489;39;492;490;187;1947
4021;C1;3;date_23d-04m-2024y;time_11h-31m-59s;60;60;49;1638;;100;2;1197;29;432;492;99;759
4021;C1;4;date_23d-04m-2024y;time_11h-36m-20s;14;30;13.4;3000;15;0;1;2702;19;299;996;209;1331
4021;C1;5;date_23d-04m-2024y;time_11h-43m-15s;69;50;43.8;1813;;200;1;1363;25;445;535;187;913
4021;C1;6;date_23d-04m-2024y;time_11h-47m-28s;0;0;0;3000;17;400;4;2247;59;714;1414;231;1001
4021;C1;7;date_23d-04m-2024y;time_11h-53m-06s;76;70;61.5;2054;;700;1;1424;46;604;765;176;814
4021;C1;8;date_23d-04m-2024y;time_11h-57m-00s;0;0;0;3000;22;700;1;2458;26;536;1491;77;1276
4022;C1;1;date_23d-04m-2024y;time_13h-06m-02s;16;67;22.6;2775;;200;1;2186;142;467;606;132;1606
4022;C1;2;date_23d-04m-2024y;time_13h-08m-44s;1;6;3;3000;19;0;1;2415;181;424;666;374;1683
4022;C1;3;date_23d-04m-2024y;time_13h-14m-50s;20;10;17.8;3000;21;300;2;2440;150;430;1106;165;1430
4022;C1;4;date_23d-04m-2024y;time_13h-21m-51s;58;57;52.8;3000;8;0;1;2527;114;379;655;176;1727
4022;C1;5;date_23d-04m-2024y;time_13h-26m-34s;12;0;26.8;2167;16;600;1;1678;256;253;812;132;990
4022;C1;6;date_23d-04m-2024y;time_13h-31m-08s;35;29;23.4;2502;11;100;1;1822;399;301;1158;121;924
4022;C1;7;date_23d-04m-2024y;time_13h-35m-55s;39;44;39.83333333;2933;12;100;1;2355;223;375;1446;165;935
4022;C1;8;date_23d-04m-2024y;time_13h-40m-09s;43;32;41.2;2313;11;1100;1;1827;260;246;892;253;924
4023;C1;1;date_23d-04m-2024y;time_13h-06m-08s;1;55;9.8;3000;14;400;2;2884;25;111;842;209;1364
4023;C1;2;date_23d-04m-2024y;time_13h-09m-21s;5;35;3.2;3000;21;500;2;2731;44;245;721;165;1705
4023;C1;3;date_23d-04m-2024y;time_13h-16m-43s;2;4;4.6;3000;29;0;1;2746;41;233;765;132;1672
4023;C1;4;date_23d-04m-2024y;time_13h-21m-32s;0;2;7.4;3000;27;100;1;2562;77;381;1326;220;1210
4023;C1;5;date_23d-04m-2024y;time_13h-26m-49s;58;64;62.2;3000;15;700;1;2693;61;266;996;297;1276
4023;C1;6;date_23d-04m-2024y;time_13h-31m-36s;13;56;12.8;3000;23;1100;1;2697;57;266;1271;231;1320
4023;C1;7;date_23d-04m-2024y;time_13h-35m-36s;1;28;6.333333333;3000;23;1000;1;2809;31;180;1601;319;880
4023;C1;8;date_23d-04m-2024y;time_13h-41m-51s;6;0;0.4;3000;24;100;3;2773;40;207;2074;209;572
4024;C1;1;date_26d-04m-2024y;time_13h-03m-49s;30;70;56.8;3000;19;600;1;2728;42;250;710;198;1782
4024;C1;2;date_26d-04m-2024y;time_13h-09m-05s;40;70;41;3000;20;0;1;2671;36;313;1040;99;1485
4024;C1;3;date_26d-04m-2024y;time_13h-15m-32s;60;71;59;3000;9;1200;5;2685;52;283;765;253;1650
4024;C1;4;date_26d-04m-2024y;time_13h-23m-25s;55;70;56.8;3000;13;900;3;2692;42;286;1403;330;957
4024;C1;5;date_26d-04m-2024y;time_13h-28m-04s;50;60;49.8;3000;21;900;1;2854;0;166;567;231;1639
4024;C1;6;date_26d-04m-2024y;time_13h-31m-51s;63;66;57.8;3000;12;1700;3;2746;31;243;1073;242;1364
4024;C1;7;date_26d-04m-2024y;time_13h-35m-57s;50;64;52.33333333;3000;30;100;1;2947;0;73;864;187;1661
4024;C1;8;date_26d-04m-2024y;time_13h-39m-32s;60;65;55.8;2997;13;900;1;2665;40;312;1103;165;1342
4035;C2;1;date_27d-03m-2024y;time_13h-09m-59s;0;0;0;3000;21;1000;1;2671;32;317;545;110;2046
4035;C2;2;date_27d-03m-2024y;time_13h-15m-13s;10;0;2;3000;13;1700;1;2731;41;248;710;220;1628
4035;C2;3;date_27d-03m-2024y;time_13h-20m-21s;40;50;30;3000;11;800;1;2716;41;263;1150;143;1320
4035;C2;4;date_27d-03m-2024y;time_13h-24m-49s;40;10;4;2967;;1100;1;2635;63;289;1051;143;1408
4035;C2;5;date_27d-03m-2024y;time_13h-28m-45s;60;60;60;1435;;0;6;1229;40;186;1026;11;352
4035;C2;6;date_27d-03m-2024y;time_13h-31m-09s;55;20;55;1891;15;600;2;1634;36;241;1042;121;572
4035;C2;7;date_27d-03m-2024y;time_13h-33m-56s;20;0;3.333333333;3000;7;1500;1;2677;52;291;875;209;1584
4035;C2;8;date_27d-03m-2024y;time_13h-37m-34s;21;0;9.4;1649;20;700;1;1447;35;187;1031;55;429
4036;C2;1;date_27d-03m-2024y;time_15h-03m-04s;0;90;0;3000;14;500;1;2638;34;348;765;99;1760
4036;C2;2;date_27d-03m-2024y;time_15h-09m-26s;50;90;68;3000;16;0;2;2608;33;379;1337;110;1331
4036;C2;3;date_27d-03m-2024y;time_15h-15m-25s;50;80;64;2101;;0;1;1758;31;332;1153;121;550
4036;C2;4;date_27d-03m-2024y;time_15h-21m-51s;63;75;73.6;3000;16;200;5;2711;22;287;1315;121;1276
4036;C2;5;date_27d-03m-2024y;time_15h-29m-38s;70;90;76.8;3000;11;100;1;2544;33;443;820;253;1529
4036;C2;6;date_27d-03m-2024y;time_15h-36m-41s;55;70;59.2;2973;12;1600;1;2595;26;372;771;330;1551
4036;C2;7;date_27d-03m-2024y;time_15h-44m-14s;15;50;49.83333333;3000;18;700;5;2610;25;385;1315;275;1144
4036;C2;8;date_27d-03m-2024y;time_15h-55m-20s;60;60;67.8;3000;24;200;2;2679;12;329;1832;198;825
4037;C2;1;date_05d-04m-2024y;time_15h-09m-21s;50;86;43.4;3000;14;500;1;2718;34;268;655;110;1870
4037;C2;2;date_05d-04m-2024y;time_15h-14m-10s;42;75;44.4;3000;16;900;1;2636;56;328;710;242;1738
4037;C2;3;date_05d-04m-2024y;time_15h-18m-55s;64;85;56.2;2533;;900;1;2149;58;346;441;198;1452
4037;C2;4;date_05d-04m-2024y;time_15h-22m-50s;38;86;40.2;3000;9;1500;1;2653;51;316;985;187;1518
4037;C2;5;date_05d-04m-2024y;time_15h-26m-52s;13;61;7.4;3000;7;800;1;2520;78;422;1150;121;1430
4037;C2;6;date_05d-04m-2024y;time_15h-31m-12s;71;79;71.6;1547;;600;5;1220;51;296;1017;77;286
4037;C2;7;date_05d-04m-2024y;time_15h-34m-21s;0;65;28.66666667;3000;21;400;1;2542;110;368;1656;110;924
4037;C2;8;date_05d-04m-2024y;time_15h-39m-41s;35;49;29.4;3000;18;200;1;2494;109;417;1876;33;957
4038;C2;1;date_25d-04m-2024y;time_15h-08m-34s;15;60;26.6;3000;19;300;1;2707;57;256;820;154;1617
4038;C2;2;date_25d-04m-2024y;time_15h-14m-45s;65;80;62;3000;12;700;3;2677;54;289;1238;121;1232
4038;C2;3;date_25d-04m-2024y;time_15h-19m-28s;50;60;52;2966;;700;1;2585;147;254;720;275;1397
4038;C2;4;date_25d-04m-2024y;time_15h-24m-00s;70;80;65;2776;;200;1;2303;83;410;1036;88;1265
4038;C2;5;date_25d-04m-2024y;time_15h-27m-30s;45;65;40;1741;22;500;1;1441;63;257;650;110;671
4038;C2;6;date_25d-04m-2024y;time_15h-30m-20s;30;60;31;1683;19;500;1;1525;45;133;999;55;396
4038;C2;7;date_25d-04m-2024y;time_15h-33m-33s;75;80;75;2747;;300;1;2204;109;454;1480;77;990
4038;C2;8;date_25d-04m-2024y;time_15h-37m-07s;75;80;49;2229;;200;2;1862;79;308;1325;77;682
4039;C2;1;date_05d-04m-2024y;time_09h-34m-59s;8;7;7.8;3000;18;1100;3;2804;22;194;688;275;1694
4039;C2;2;date_05d-04m-2024y;time_09h-37m-58s;21;18;20;3000;23;100;1;2848;25;147;1271;176;1298
4039;C2;3;date_05d-04m-2024y;time_09h-42m-45s;41;16;35.2;3000;12;400;1;2881;22;117;1051;165;1408
4039;C2;4;date_05d-04m-2024y;time_09h-47m-01s;14;3;17.6;3000;12;800;1;2837;15;168;1106;220;1386
4039;C2;5;date_05d-04m-2024y;time_09h-54m-57s;23;4;33.8;3000;26;100;1;2886;21;113;1051;165;1617
4039;C2;6;date_05d-04m-2024y;time_09h-59m-06s;32;19;38.2;1719;27;600;1;1643;14;82;760;165;594
4039;C2;7;date_05d-04m-2024y;time_10h-02m-28s;49;41;47.5;3000;22;400;1;2912;14;94;1755;165;814
4039;C2;8;date_05d-04m-2024y;time_10h-09m-25s;55;43;53.8;3000;26;600;1;2912;15;93;2085;143;517
4040;C2;1;date_09d-04m-2024y;time_13h-09m-39s;35;24;18.2;3000;13;100;1;2643;39;338;886;165;1683
4040;C2;2;date_09d-04m-2024y;time_13h-14m-35s;33;28;30.6;3000;15;300;2;2582;50;388;776;154;1749
4040;C2;3;date_09d-04m-2024y;time_13h-21m-02s;53;33;49;2359;;200;3;2128;29;222;564;176;1276
4040;C2;4;date_09d-04m-2024y;time_13h-25m-07s;50;40;58;2437;;100;3;2108;41;308;455;297;1320
4040;C2;5;date_09d-04m-2024y;time_13h-29m-38s;21;0;25.2;3000;18;200;1;2706;36;278;1106;165;1309
4040;C2;6;date_09d-04m-2024y;time_13h-33m-39s;52;60;58.2;1985;;100;1;1628;50;327;817;154;858
4040;C2;7;date_09d-04m-2024y;time_13h-36m-15s;18;19;20.83333333;3000;17;500;3;2821;27;172;787;253;1551
4040;C2;8;date_09d-04m-2024y;time_13h-40m-35s;34;34;43;1822;;200;1;1663;22;157;313;88;1155
4041;C2;1;date_09d-04m-2024y;time_15h-06m-31s;19;9;17;3000;21;0;1;2748;30;242;1040;99;1529
4041;C2;2;date_09d-04m-2024y;time_15h-11m-14s;33;14;20.6;3000;28;0;1;2728;12;280;1205;77;1474
4041;C2;3;date_09d-04m-2024y;time_15h-16m-28s;43;42;49.8;2744;;100;1;2288;49;427;1147;88;1221
4041;C2;4;date_09d-04m-2024y;time_15h-20m-09s;48;52;51.6;1956;;100;1;1541;43;392;1316;44;451
4041;C2;5;date_09d-04m-2024y;time_15h-24m-13s;55;55;56.4;2280;;0;5;1864;134;302;859;110;1056
4041;C2;6;date_09d-04m-2024y;time_15h-28m-50s;26;22;23.2;1813;14;600;1;1321;172;340;535;88;1034
4041;C2;7;date_09d-04m-2024y;time_15h-33m-14s;16;23;27.33333333;1973;;100;1;1585;75;333;1091;99;616
4041;C2;8;date_09d-04m-2024y;time_15h-34m-58s;34;29;28.6;1605;14;300;1;1295;34;296;866;55;440
4042;C2;1;date_10d-04m-2024y;time_09h-06m-56s;5;10;9;3000;19;1500;1;2784;33;203;985;176;1551
4042;C2;2;date_10d-04m-2024y;time_09h-11m-11s;4;11;5.2;3000;20;200;1;2714;37;269;1095;132;1463
4042;C2;3;date_10d-04m-2024y;time_09h-15m-33s;41;37;39;2968;;1300;3;2577;55;356;953;154;1474
4042;C2;4;date_10d-04m-2024y;time_09h-19m-31s;41;40;53.2;2134;;200;5;1772;43;339;1307;121;572
4042;C2;5;date_10d-04m-2024y;time_09h-23m-41s;19;10;22.6;2779;11;2100;1;2517;32;250;984;209;1243
4042;C2;6;date_10d-04m-2024y;time_09h-27m-37s;42;40;38.8;1855;;600;1;1599;26;250;1094;99;506
4042;C2;7;date_10d-04m-2024y;time_09h-31m-30s;24;31;35.16666667;1753;15;1000;1;1513;27;233;255;154;902
4042;C2;8;date_10d-04m-2024y;time_09h-34m-33s;9;0;10.4;3000;15;800;4;2683;51;286;1799;187;781
4043;C2;1;date_11d-04m-2024y;time_09h-05m-13s;0;0;10;3000;10;700;1;2721;43;256;765;209;1683
4043;C2;2;date_11d-04m-2024y;time_09h-09m-45s;0;0;33.2;2946;;1100;2;2654;48;264;832;187;1694
4043;C2;3;date_11d-04m-2024y;time_09h-21m-47s;0;0;20.8;2439;;700;1;2139;50;270;930;88;1166
4043;C2;4;date_11d-04m-2024y;time_09h-24m-27s;0;0;7.2;3000;3;700;6;2577;67;376;1106;220;1320
4043;C2;5;date_11d-04m-2024y;time_09h-28m-37s;0;0;13.6;1605;15;600;1;1356;34;235;536;187;649
4043;C2;6;date_11d-04m-2024y;time_09h-31m-22s;0;0;21;3000;18;800;6;2789;30;201;2173;165;528
4043;C2;7;date_11d-04m-2024y;time_09h-35m-58s;25;10;42.66666667;3000;18;0;3;2834;19;167;1689;187;814
4043;C2;8;date_11d-04m-2024y;time_09h-41m-10s;9;0;54.8;3000;14;300;1;2859;16;145;1403;231;924
4044;C2;1;date_26d-04m-2024y;time_13h-09m-39s;19;8;32;3000;17;1100;2;2698;49;273;941;121;1529
4044;C2;2;date_26d-04m-2024y;time_13h-12m-31s;56;54;50.6;3000;12;0;1;2713;23;284;820;121;1639
4044;C2;3;date_26d-04m-2024y;time_13h-16m-34s;51;63;49.4;2381;;0;5;2174;37;190;586;176;1265
4044;C2;4;date_26d-04m-2024y;time_13h-20m-12s;30;29;14.4;3000;16;300;1;2612;80;328;1205;99;1331
4044;C2;5;date_26d-04m-2024y;time_13h-24m-31s;62;54;57.6;2955;;600;1;2669;60;246;1160;132;1254
4044;C2;6;date_26d-04m-2024y;time_13h-28m-34s;17;9;27.6;2280;15;600;1;1895;54;351;1101;143;869
4044;C2;7;date_26d-04m-2024y;time_13h-31m-31s;46;43;52.66666667;1817;19;500;2;1575;41;221;715;198;682
4044;C2;8;date_26d-04m-2024y;time_13h-34m-54s;66;62;66.4;1976;;0;1;1746;51;199;984;143;671
4045;C2;1;date_05d-06m-2024y;time_09h-16m-27s;36;12;49.2;3000;13;0;1;2800;31;189;875;132;1672
4045;C2;2;date_05d-06m-2024y;time_09h-20m-56s;32;32;34;3000;11;1700;2;2825;33;162;666;187;1584
4045;C2;3;date_05d-06m-2024y;time_09h-24m-52s;26;40;33.6;3000;18;1300;1;2800;36;184;1095;132;1430
4045;C2;4;date_05d-06m-2024y;time_09h-31m-43s;47;42;47;3000;5;600;3;2714;36;270;908;242;1430
4045;C2;5;date_05d-06m-2024y;time_09h-40m-33s;30;25;11.4;2017;14;600;1;1777;45;215;1256;77;462
4045;C2;6;date_05d-06m-2024y;time_09h-42m-50s;27;17;30.2;2233;20;900;1;2005;52;196;988;99;924
4045;C2;7;date_05d-06m-2024y;time_09h-45m-38s;2;20;39.83333333;3000;22;0;3;2730;62;228;2327;99;385
4045;C2;8;date_05d-06m-2024y;time_09h-49m-39s;33;29;36.8;3000;19;400;1;2695;44;281;1766;176;759
4046;C2;1;date_07d-05m-2024y;time_09h-09m-13s;0;0;0;3000;23;400;1;2772;32;216;820;165;1441
4046;C2;2;date_07d-05m-2024y;time_09h-15m-07s;5;5;5;3000;29;0;2;2766;34;220;1392;66;1364
4046;C2;3;date_07d-05m-2024y;time_09h-20m-19s;40;10;43;3000;15;0;1;2726;35;259;1205;77;1408
4046;C2;4;date_07d-05m-2024y;time_09h-25m-08s;35;11;49;3000;19;0;1;2643;40;337;1491;132;1078
4046;C2;5;date_07d-05m-2024y;time_09h-30m-02s;74;15;78;3000;10;200;3;2622;47;351;1238;154;1089
4046;C2;6;date_07d-05m-2024y;time_09h-35m-01s;27;25;22.8;3000;17;100;1;2629;55;336;1095;176;1155
4046;C2;7;date_07d-05m-2024y;time_09h-40m-10s;87;12;78;3000;14;0;1;2626;62;332;1986;77;693
4046;C2;8;date_07d-05m-2024y;time_09h-44m-40s;12;6;12.4;3000;23;300;1;2747;32;241;875;143;1837
4047;C2;1;date_30d-04m-2024y;time_15h-06m-04s;0;0;10;3000;14;500;1;2750;42;228;655;132;1826
4047;C2;2;date_30d-04m-2024y;time_15h-17m-39s;1;0;5;3000;14;1300;2;2658;134;228;787;341;1518
4047;C2;3;date_30d-04m-2024y;time_15h-21m-45s;0;0;2.6;3000;12;700;1;2573;147;300;820;132;1738
4047;C2;4;date_30d-04m-2024y;time_15h-25m-35s;0;5;4.6;3000;9;1000;6;2699;54;267;1161;275;1265
4047;C2;5;date_30d-04m-2024y;time_15h-29m-28s;0;0;1;3000;24;1000;3;2753;146;121;1128;253;1430
4047;C2;6;date_30d-04m-2024y;time_15h-33m-11s;0;0;1;2357;19;800;1;2138;55;184;705;187;1100
4047;C2;7;date_30d-04m-2024y;time_15h-36m-33s;1;0;1.5;3000;13;800;1;2620;110;290;1205;99;1386
4047;C2;8;date_30d-04m-2024y;time_15h-41m-38s;10;0;10.4;1834;;100;1;1517;91;246;930;110;517
4048;C2;1;date_18d-04m-2024y;time_15h-04m-39s;0;0;0;3000;14;700;1;2733;66;221;655;253;1804
4048;C2;2;date_18d-04m-2024y;time_15h-09m-24s;50;-1;45;3000;19;100;1;2712;75;233;776;253;1551
4048;C2;3;date_18d-04m-2024y;time_15h-14m-37s;55;40;19;3000;8;100;1;2785;36;199;776;330;1397
4048;C2;4;date_18d-04m-2024y;time_15h-20m-17s;0;30;9;3000;16;100;6;2696;53;271;985;220;1474
4048;C2;5;date_18d-04m-2024y;time_15h-25m-38s;0;0;0;3000;27;1200;1;2945;15;60;1942;121;638
4048;C2;6;date_18d-04m-2024y;time_15h-30m-10s;0;0;0;3000;28;600;4;2874;58;88;2019;121;660
4048;C2;7;date_18d-04m-2024y;time_15h-34m-53s;0;0;0;2753;9;400;2;2427;133;213;804;198;1298
4048;C2;8;date_18d-04m-2024y;time_15h-39m-16s;0;10;2;1773;;100;2;1521;100;172;550;143;814
4050;C2;1;date_23d-04m-2024y;time_11h-03m-56s;44;60;49.6;2554;;100;1;2348;23;203;605;275;1430
4050;C2;2;date_23d-04m-2024y;time_11h-08m-51s;34;48;38;2890;;0;2;2647;21;242;1227;154;1089
4050;C2;3;date_23d-04m-2024y;time_11h-12m-53s;12;42;16.6;3000;8;600;3;2615;48;357;688;242;1727
4050;C2;4;date_23d-04m-2024y;time_11h-16m-52s;16;29;17.6;3000;9;600;6;2625;56;339;831;330;1441
4050;C2;5;date_23d-04m-2024y;time_11h-20m-51s;23;37;39.8;3000;13;100;1;2675;76;269;1326;99;1155
4050;C2;6;date_23d-04m-2024y;time_11h-25m-17s;62;55;57.8;1540;;0;1;1384;24;152;702;55;572
4050;C2;7;date_23d-04m-2024y;time_11h-27m-57s;7;39;27.16666667;3000;12;1200;5;2743;34;243;985;253;1331
4050;C2;8;date_23d-04m-2024y;time_11h-31m-55s;0;33;25.2;3000;14;200;1;2803;37;180;875;165;1650
4051;C2;1;date_03d-05m-2024y;time_15h-03m-06s;30;100;40.2;1834;;200;1;1655;19;180;534;66;957
4051;C2;2;date_03d-05m-2024y;time_15h-04m-58s;40;100;14;3000;9;200;1;2661;47;312;765;110;1848
4051;C2;3;date_03d-05m-2024y;time_15h-10m-19s;10;50;0;2403;;700;1;2088;38;297;487;132;1397
4051;C2;4;date_03d-05m-2024y;time_15h-14m-46s;0;0;0;3000;13;800;1;2603;45;372;1271;165;1342
4051;C2;5;date_03d-05m-2024y;time_15h-19m-52s;25;20;34;1641;;600;1;1390;31;240;924;44;594
4051;C2;6;date_03d-05m-2024y;time_15h-23m-41s;0;0;0;1757;24;500;6;1506;28;243;754;55;792
4051;C2;7;date_03d-05m-2024y;time_15h-28m-25s;25;20;36.66666667;2048;;0;1;1725;57;286;319;143;1441
4051;C2;8;date_03d-05m-2024y;time_15h-32m-28s;40;30;48;2646;;600;1;2344;38;284;1104;154;1122
4052;C2;1;date_24d-04m-2024y;time_09h-08m-46s;0;70;9.8;3000;19;300;1;2741;43;236;765;198;1716
4052;C2;2;date_24d-04m-2024y;time_09h-11m-44s;14;16;12.2;3000;10;2500;1;2749;66;205;655;297;1650
4052;C2;3;date_24d-04m-2024y;time_09h-21m-18s;23;19;21;2173;;0;2;1945;48;200;444;220;1243
4052;C2;4;date_24d-04m-2024y;time_09h-25m-24s;34;27;31;3000;11;100;1;2611;92;317;1051;176;1474
4052;C2;5;date_24d-04m-2024y;time_09h-31m-53s;37;21;33;3000;14;0;1;2591;165;264;1271;121;1144
4052;C2;6;date_24d-04m-2024y;time_09h-37m-34s;21;24;14;2619;20;1500;1;2300;86;253;659;198;1540
4052;C2;7;date_24d-04m-2024y;time_09h-44m-15s;70;63;63.16666667;1887;;0;1;1583;144;180;1093;66;528
4052;C2;8;date_24d-04m-2024y;time_09h-51m-12s;62;63;64.8;1644;;0;3;1386;157;121;1004;110;319
4053;C2;1;date_24d-04m-2024y;time_13h-04m-26s;5;10;5;3000;16;700;5;2652;30;338;589;143;1958
4053;C2;2;date_24d-04m-2024y;time_13h-09m-18s;20;25;38;2376;;600;1;1985;35;376;878;110;1111
4053;C2;3;date_24d-04m-2024y;time_13h-14m-41s;25;30;46;2405;;800;4;2036;39;350;797;242;924
4053;C2;4;date_24d-04m-2024y;time_13h-19m-36s;90;40;70;1846;;0;1;1539;30;297;700;66;957
4053;C2;5;date_24d-04m-2024y;time_13h-23m-31s;0;0;15;3000;8;1000;1;2698;33;289;1271;209;1155
4053;C2;6;date_24d-04m-2024y;time_13h-28m-21s;70;30;68;1599;;200;1;1287;29;303;475;176;671
4053;C2;7;date_24d-04m-2024y;time_13h-31m-19s;70;60;72.5;2988;;200;6;2532;49;427;1545;176;1023
4053;C2;8;date_24d-04m-2024y;time_13h-36m-12s;10;0;51;1581;23;900;1;1388;25;188;534;66;682
4054;C2;1;date_01d-05m-2024y;time_17h-04m-07s;30;85;54;3000;8;300;4;2648;38;334;908;88;1771
4054;C2;2;date_01d-05m-2024y;time_17h-09m-18s;25;80;38;3000;12;1000;1;2744;34;242;941;187;1441
4054;C2;3;date_01d-05m-2024y;time_17h-15m-20s;35;75;45.4;3000;14;1100;6;2653;32;335;985;165;1496
4054;C2;4;date_01d-05m-2024y;time_17h-20m-03s;55;76;58;3000;15;500;1;2574;38;408;1381;264;990
4054;C2;5;date_01d-05m-2024y;time_17h-25m-20s;45;69;57;2427;19;1000;1;2114;31;302;1314;77;836
4054;C2;6;date_01d-05m-2024y;time_17h-30m-34s;60;65;63;3000;20;0;1;2789;23;208;1491;66;1166
4054;C2;7;date_01d-05m-2024y;time_17h-35m-51s;15;60;34.16666667;3000;23;100;1;2779;31;210;1117;473;1155
4054;C2;8;date_01d-05m-2024y;time_17h-42m-32s;5;40;30;3000;25;1100;1;2781;29;210;1051;286;1199
4055;C2;1;date_02d-05m-2024y;time_13h-06m-28s;20;36;16.4;2397;;100;1;2108;46;263;756;88;1287
4055;C2;2;date_02d-05m-2024y;time_13h-08m-39s;10;8;6.6;3000;14;900;2;2663;61;296;721;253;1595
4055;C2;3;date_02d-05m-2024y;time_13h-13m-39s;15;0;18.8;3000;16;0;1;2467;143;410;875;187;1639
4055;C2;4;date_02d-05m-2024y;time_13h-23m-33s;0;0;4;3000;14;1500;3;2530;150;340;1348;165;1199
4055;C2;5;date_02d-05m-2024y;time_13h-26m-21s;30;0;28.8;3000;13;0;1;2584;101;335;941;165;1650
4055;C2;6;date_02d-05m-2024y;time_13h-31m-29s;0;0;0;2575;22;1200;1;2180;91;324;1099;154;990
4055;C2;7;date_02d-05m-2024y;time_13h-36m-20s;0;0;0;2724;14;500;1;2310;101;333;665;341;1199
4055;C2;8;date_02d-05m-2024y;time_13h-40m-29s;0;0;0.2;3000;16;400;1;2627;52;341;1656;275;825
4056;C2;1;date_05d-09m-2024y;time_10h-04m-20s;0;0;0;3000;15;200;1;2548;216;256;820;176;1683
4056;C2;2;date_05d-09m-2024y;time_10h-14m-45s;0;0;0;3000;6;900;1;2778;75;167;611;231;1716
4056;C2;3;date_05d-09m-2024y;time_10h-17m-48s;0;7;0;3000;18;500;1;2516;53;451;1205;132;1254
4056;C2;4;date_05d-09m-2024y;time_10h-21m-46s;0;0;9;2850;;500;1;2267;188;415;1264;132;1221
4056;C2;5;date_05d-09m-2024y;time_10h-25m-51s;0;0;0;2201;23;1000;1;1920;50;251;1484;88;462
4056;C2;6;date_05d-09m-2024y;time_10h-29m-44s;3;0;7.2;3000;9;400;4;2575;69;376;1194;286;1111
4056;C2;7;date_05d-09m-2024y;time_10h-33m-53s;1;15;13.5;3000;21;100;1;2593;104;323;1161;286;1133
4056;C2;8;date_05d-09m-2024y;time_10h-38m-09s;28;34;58;3000;13;300;1;2627;76;317;1535;176;869
4057;C2;1;date_04d-09m-2024y;time_15h-03m-42s;40;65;35;3000;15;500;1;2777;34;209;545;220;1958
4057;C2;2;date_04d-09m-2024y;time_15h-08m-44s;50;80;55;3000;17;400;6;2646;24;350;820;165;1672
4057;C2;3;date_04d-09m-2024y;time_15h-14m-03s;10;60;0.8;3000;14;1200;5;2638;30;352;1029;154;1573
4057;C2;4;date_04d-09m-2024y;time_15h-19m-41s;60;75;61;2876;;1200;2;2498;32;366;839;363;1254
4057;C2;5;date_04d-09m-2024y;time_15h-25m-03s;10;65;7;1389;20;200;1;1163;20;226;705;99;429
4057;C2;6;date_04d-09m-2024y;time_15h-27m-50s;75;70;72;2318;;100;1;1803;44;491;1040;121;814
4057;C2;7;date_04d-09m-2024y;time_15h-30m-56s;75;70;73.33333333;2355;;100;1;2019;30;326;1099;132;825
4057;C2;8;date_04d-09m-2024y;time_15h-34m-03s;31;65;45.6;1725;14;300;1;1419;27;299;700;110;616
4069;C3;1;date_03d-05m-2024y;time_13h-13m-14s;0;65;37.6;3000;30;1600;4;2614;31;375;985;748;1089
4069;C3;2;date_03d-05m-2024y;time_13h-29m-39s;53;81;69.4;3000;11;900;1;2624;31;365;666;352;1628
4069;C3;3;date_03d-05m-2024y;time_13h-41m-23s;60;89;63.4;2336;;400;1;1945;55;356;607;231;1067
4069;C3;4;date_03d-05m-2024y;time_13h-46m-32s;55;93;68.6;3000;11;1300;6;2663;66;291;1480;242;1045
4069;C3;5;date_03d-05m-2024y;time_13h-54m-05s;90;96;88.6;1897;;400;1;1695;28;194;652;143;814
4069;C3;6;date_03d-05m-2024y;time_14h-00m-28s;60;77;68.8;1889;24;500;2;1731;27;151;600;99;968
4069;C3;7;date_03d-05m-2024y;time_14h-04m-37s;79;60;70;2391;9;500;1;2207;31;173;486;220;1353
4069;C3;8;date_03d-05m-2024y;time_14h-10m-36s;55;46;41.6;2425;18;1700;1;2223;53;169;652;132;1276
4070;C3;1;date_03d-05m-2024y;time_15h-28m-03s;3;30;20.6;3000;14;700;1;2662;30;328;765;88;1749
4070;C3;2;date_03d-05m-2024y;time_15h-32m-36s;38;34;53.8;3000;12;0;1;2743;32;245;710;231;1683
4070;C3;3;date_03d-05m-2024y;time_15h-44m-19s;0;23;7.6;3000;12;700;1;2568;56;396;875;143;1584
4070;C3;4;date_03d-05m-2024y;time_15h-48m-47s;57;64;63;2003;;0;1;1748;33;242;758;66;858
4070;C3;5;date_03d-05m-2024y;time_15h-54m-13s;37;42;41.8;1539;18;1100;1;1354;29;176;426;132;726
4070;C3;6;date_03d-05m-2024y;time_15h-58m-14s;21;19;13;3000;15;1000;4;2743;43;234;1986;132;528
4070;C3;7;date_03d-05m-2024y;time_16h-03m-10s;61;62;59.33333333;2229;;0;3;1916;35;298;786;143;924
4070;C3;8;date_03d-05m-2024y;time_16h-05m-23s;61;62;64.4;1640;;0;1;1343;33;284;868;88;462
4071;C3;1;date_29d-08m-2024y;time_15h-15m-10s;0;5;9;3000;23;1200;4;2771;33;216;1282;132;1243
4071;C3;2;date_29d-08m-2024y;time_15h-30m-51s;15;5;62;3000;20;500;1;2689;31;300;1183;110;1221
4071;C3;3;date_29d-08m-2024y;time_15h-36m-08s;14;5;46;3000;31;0;724;2700;24;296;2558;66;242
4071;C3;4;date_29d-08m-2024y;time_15h-44m-12s;10;5;55.4;3000;28;0;981;2740;15;265;1810;198;693
4071;C3;5;date_29d-08m-2024y;time_15h-48m-34s;25;30;68;3000;30;200;1086;2861;11;148;1436;165;935
4071;C3;6;date_29d-08m-2024y;time_15h-54m-42s;20;20;69;3000;16;100;977;2713;21;286;1238;176;1067
4071;C3;7;date_29d-08m-2024y;time_16h-03m-13s;25;30;63.16666667;3000;19;0;1;2788;13;219;1205;209;1089
4071;C3;8;date_29d-08m-2024y;time_16h-10m-21s;25;20;72.4;3000;23;0;290;2806;12;202;1381;132;1056
4073;C3;1;date_23d-08m-2024y;time_10h-06m-01s;60;59;41.4;3000;17;600;1;2802;20;198;765;121;1727
4073;C3;2;date_23d-08m-2024y;time_10h-35m-08s;17;37;31.4;3000;34;0;2181;2837;13;170;2602;0;275
4073;C3;3;date_23d-08m-2024y;time_10h-44m-04s;11;34;38;3000;28;0;333;2843;10;167;2624;22;264
4073;C3;4;date_23d-08m-2024y;time_10h-52m-00s;26;57;48.6;3000;9;600;1;2741;31;248;1447;132;1001
4073;C3;5;date_23d-08m-2024y;time_11h-02m-22s;30;40;34.6;3000;19;600;1;2759;29;232;1172;187;1441
4073;C3;6;date_23d-08m-2024y;time_11h-11m-30s;10;12;10.8;3000;36;0;2255;2891;12;117;2833;0;176
4073;C3;7;date_23d-08m-2024y;time_11h-22m-02s;9;11;15;3000;25;100;1973;2814;15;191;2338;55;473
4073;C3;8;date_23d-08m-2024y;time_11h-29m-22s;12;9;54;2957;21;400;2;2771;12;194;2196;77;451
4081;C3;1;date_07d-05m-2024y;time_11h-09m-14s;10;90;40;3000;18;500;563;2838;25;157;985;198;1331
4081;C3;2;date_07d-05m-2024y;time_11h-16m-01s;55;90;59;1270;;0;10;1046;32;212;168;66;770
4081;C3;3;date_07d-05m-2024y;time_11h-18m-34s;60;90;36.8;887;;0;2;706;26;175;38;55;484
4081;C3;4;date_07d-05m-2024y;time_11h-20m-59s;65;90;26;1123;;0;1;982;21;140;43;66;704
4081;C3;5;date_07d-05m-2024y;time_11h-24m-25s;60;90;26;922;;100;1;759;27;156;150;44;484
4081;C3;6;date_07d-05m-2024y;time_11h-26m-11s;10;90;1;3000;32;0;803;2770;29;221;2855;0;165
4081;C3;7;date_07d-05m-2024y;time_11h-31m-16s;0;80;13.33333333;3000;37;0;2786;2886;21;113;2877;0;132
4081;C3;8;date_07d-05m-2024y;time_11h-39m-25s;0;50;12;3000;30;200;2;2903;18;99;2745;11;187
4082;C3;1;date_15d-05m-2024y;time_11h-07m-33s;42;60;43.8;3000;19;1300;1;2743;35;242;963;99;1639
4082;C3;2;date_15d-05m-2024y;time_11h-13m-40s;57;63;59.2;2582;;0;1;2290;34;278;1084;88;1012
4082;C3;3;date_15d-05m-2024y;time_11h-19m-41s;62;64;64;2251;;0;1;2023;29;219;610;132;979
4082;C3;4;date_15d-05m-2024y;time_11h-23m-23s;70;70;73;2356;;0;1;2074;30;272;506;99;1210
4082;C3;5;date_15d-05m-2024y;time_11h-34m-16s;50;62;44.2;3000;28;0;2668;2735;23;262;2899;33;66
4082;C3;6;date_15d-05m-2024y;time_11h-40m-48s;41;57;35;3000;26;0;2999;2699;29;292;3020;0;0
4082;C3;7;date_15d-05m-2024y;time_11h-45m-01s;54;64;61.16666667;2830;;600;4;2519;30;301;2806;11;0
4082;C3;8;date_15d-05m-2024y;time_11h-51m-45s;52;57;40.4;3000;23;300;2451;2739;29;252;2833;11;99
4083;C3;1;date_03d-06m-2024y;time_11h-14m-00s;30;82;45.6;3000;21;0;1;2697;32;291;930;143;1606
4083;C3;2;date_03d-06m-2024y;time_11h-20m-29s;41;91;43.6;2630;;500;1;2265;34;351;934;154;1221
4083;C3;3;date_03d-06m-2024y;time_11h-30m-34s;100;100;70;1355;;0;12;1092;26;257;363;66;616
4083;C3;4;date_03d-06m-2024y;time_11h-35m-30s;70;90;60.6;2857;;0;1822;2507;36;334;1843;66;583
4083;C3;5;date_03d-06m-2024y;time_11h-41m-45s;40;60;63;3000;9;800;1;2768;31;221;831;176;1584
4083;C3;6;date_03d-06m-2024y;time_11h-50m-44s;40;60;50;3000;24;800;2922;2633;41;346;2943;22;22
4083;C3;7;date_03d-06m-2024y;time_11h-54m-49s;60;76;66.66666667;3000;27;700;1;2679;32;309;2591;22;341
4083;C3;8;date_03d-06m-2024y;time_12h-05m-43s;55;71;61.2;2237;;1900;22;1963;30;264;222;242;1276
4085;C3;1;date_31d-05m-2024y;time_10h-19m-29s;12;42;27.2;3000;16;900;1;2709;40;271;930;110;1606
4085;C3;2;date_31d-05m-2024y;time_10h-27m-37s;83;58;66.2;1309;;0;25;1082;32;215;53;66;946
4085;C3;3;date_31d-05m-2024y;time_10h-32m-08s;82;68;74.4;1361;;0;6;1118;30;233;105;66;869
4085;C3;4;date_31d-05m-2024y;time_10h-37m-11s;61;62;63.2;3000;12;0;1913;2759;32;229;1942;77;671
4085;C3;5;date_31d-05m-2024y;time_10h-42m-10s;55;63;60.2;2577;;200;1;2264;35;298;496;308;1408
4085;C3;6;date_31d-05m-2024y;time_10h-49m-08s;59;58;60.6;3000;17;1000;2371;2743;35;242;2492;88;308
4085;C3;7;date_31d-05m-2024y;time_10h-54m-19s;84;69;73.16666667;1863;;0;1;1612;29;242;486;132;946
4085;C3;8;date_31d-05m-2024y;time_10h-57m-18s;66;65;66.6;3000;14;700;1;2662;43;315;765;165;1672
4086;C3;1;date_02d-07m-2024y;time_15h-12m-50s;4;85;21.2;3000;28;0;717;2811;21;188;2096;66;693
4086;C3;2;date_02d-07m-2024y;time_15h-32m-48s;0;22;0.4;3000;41;0;246;2976;7;37;2866;0;132
4086;C3;3;date_02d-07m-2024y;time_15h-40m-04s;0;16;0;3000;38;0;2999;2850;9;161;3020;0;0
4086;C3;4;date_02d-07m-2024y;time_15h-48m-24s;61;76;65.6;2077;;0;1504;1812;31;254;1525;44;319
4086;C3;5;date_02d-07m-2024y;time_15h-52m-00s;45;63;38.4;2998;11;1100;1744;2650;39;329;2248;44;528
4086;C3;6;date_02d-07m-2024y;time_15h-59m-09s;43;56;57.6;3000;18;200;2034;2871;16;133;2305;44;440
4086;C3;7;date_02d-07m-2024y;time_16h-10m-18s;54;62;61.66666667;1769;;100;1;1601;18;170;832;44;627
4086;C3;8;date_02d-07m-2024y;time_16h-17m-13s;45;46;43;1119;31;100;4;991;8;140;809;22;198
4087;C3;1;date_03d-07m-2024y;time_10h-04m-50s;13;11;14;3000;14;1000;1;2718;33;269;710;143;1760
4087;C3;2;date_03d-07m-2024y;time_10h-21m-50s;57;50;54.6;1598;;100;1;1375;31;212;177;66;1012
4087;C3;3;date_03d-07m-2024y;time_10h-25m-02s;25;26;23.2;3000;26;0;2735;2804;34;182;2756;33;176
4087;C3;4;date_03d-07m-2024y;time_10h-34m-18s;73;69;79.2;1313;;0;1;1141;32;160;46;77;649
4087;C3;5;date_03d-07m-2024y;time_10h-39m-43s;23;28;25;3000;27;400;2811;2729;30;261;2833;22;121
4087;C3;6;date_03d-07m-2024y;time_10h-43m-10s;30;45;45.4;2553;10;300;1;2317;41;215;879;66;1364
4087;C3;7;date_03d-07m-2024y;time_10h-51m-18s;34;60;37.5;3000;19;700;1406;2753;33;234;1898;44;858
4087;C3;8;date_03d-07m-2024y;time_10h-59m-12s;62;38;37.2;3000;29;0;2844;2800;22;198;2866;22;99
4089;C3;1;date_19d-08m-2024y;time_09h-35m-41s;20;5;7;3000;17;400;1;2753;41;226;765;187;1617
4089;C3;2;date_19d-08m-2024y;time_09h-40m-22s;0;0;4;3000;21;0;732;2748;38;234;1656;66;1078
4089;C3;3;date_19d-08m-2024y;time_09h-50m-07s;20;0;25;3000;7;1700;1;2685;45;290;1579;110;1133
4089;C3;4;date_19d-08m-2024y;time_10h-01m-23s;30;0;36;2741;;1000;1;2384;50;327;1727;165;671
4089;C3;5;date_19d-08m-2024y;time_10h-09m-08s;0;0;0;2027;13;1000;1;1743;42;262;650;154;1012
4089;C3;6;date_19d-08m-2024y;time_10h-16m-18s;0;0;12.6;2321;7;2800;1;1989;52;300;713;176;1122
4089;C3;7;date_19d-08m-2024y;time_10h-20m-49s;0;0;0.166666667;1815;14;600;1;1605;23;207;537;154;957
4089;C3;8;date_19d-08m-2024y;time_10h-24m-21s;0;0;0.6;2230;13;2200;1;1925;42;283;930;154;792
4090;C3;1;date_10d-07m-2024y;time_15h-08m-05s;8;87;34.6;3000;15;1000;2;2655;38;327;721;154;1782
4090;C3;2;date_10d-07m-2024y;time_15h-20m-47s;60;75;58;3000;15;600;1;2732;33;255;1194;143;1155
4090;C3;3;date_10d-07m-2024y;time_15h-28m-26s;93;85;91;1857;;100;46;1649;23;205;634;110;781
4090;C3;4;date_10d-07m-2024y;time_15h-35m-20s;10;60;17;3000;27;0;1756;2751;22;247;2690;66;154
4090;C3;5;date_10d-07m-2024y;time_15h-45m-50s;90;80;93;1359;;0;16;1200;22;157;400;99;528
4090;C3;6;date_10d-07m-2024y;time_15h-49m-53s;97;90;93.6;1177;;0;46;1041;21;135;394;88;451
4090;C3;7;date_10d-07m-2024y;time_15h-53m-45s;3;55;11.5;1771;13;300;3;1592;20;179;515;176;693
4090;C3;8;date_10d-07m-2024y;time_15h-58m-05s;7;55;3;3000;14;500;1617;2662;33;325;1997;88;682
4091;C3;1;date_12d-07m-2024y;time_13h-13m-56s;62;66;58.2;3000;23;1700;1;2734;43;243;1051;143;1595
4091;C3;2;date_12d-07m-2024y;time_13h-24m-21s;62;62;65.4;3000;8;0;1081;2877;25;118;1370;88;1133
4091;C3;3;date_12d-07m-2024y;time_13h-42m-36s;66;61;68.2;3000;10;0;1696;2848;26;146;1909;66;627
4091;C3;4;date_12d-07m-2024y;time_13h-48m-49s;72;66;68.2;1774;;0;96;1592;29;173;639;66;594
4091;C3;5;date_12d-07m-2024y;time_14h-01m-37s;52;65;66.8;3000;39;0;2987;2938;12;70;3009;0;11
4091;C3;6;date_12d-07m-2024y;time_14h-05m-50s;47;40;42.2;3000;37;0;2900;2814;26;180;2921;11;88
4091;C3;7;date_12d-07m-2024y;time_14h-10m-37s;41;41;37.16666667;3000;38;0;2933;2887;19;114;2954;11;44
4091;C3;8;date_12d-07m-2024y;time_14h-17m-00s;47;43;44.2;;;;;2955;5;42;2991;0;11
4092;C3;1;date_12d-07m-2024y;time_13h-46m-32s;13;15;14.4;3000;29;400;1;2839;7;174;1458;99;1155
4092;C3;2;date_12d-07m-2024y;time_13h-55m-56s;41;63;46.4;3000;7;1100;1;2723;41;256;820;143;1617
4092;C3;3;date_12d-07m-2024y;time_14h-05m-04s;60;66;67.2;3000;7;600;1;2545;62;413;1436;187;1078
4092;C3;4;date_12d-07m-2024y;time_14h-27m-13s;43;44;41.8;3000;23;200;4;2775;27;218;1645;110;924
4092;C3;5;date_12d-07m-2024y;time_14h-36m-58s;61;70;61.8;2828;;700;524;2579;29;240;1363;176;748
4092;C3;6;date_12d-07m-2024y;time_14h-40m-24s;63;61;63;3000;13;200;1;2763;43;214;1579;132;792
4092;C3;7;date_12d-07m-2024y;time_14h-47m-40s;70;65;68.5;1466;;0;1;1272;28;186;771;55;429
4092;C3;8;date_12d-07m-2024y;time_14h-49m-41s;76;75;61.8;2363;;0;10;2136;25;222;942;88;858
4093;C3;1;date_18d-07m-2024y;time_13h-23m-08s;35;69;38.4;3000;20;500;4;2969;2;49;688;176;1650
4093;C3;2;date_18d-07m-2024y;time_13h-26m-35s;-1;61;56.2;3000;33;900;3;2911;8;101;1843;121;803
4093;C3;3;date_18d-07m-2024y;time_13h-29m-41s;30;49;23.8;2555;;100;1;2236;39;300;540;165;1595
4093;C3;4;date_18d-07m-2024y;time_13h-32m-41s;21;11;11.4;3000;11;800;5;2669;43;308;754;231;1595
4093;C3;5;date_18d-07m-2024y;time_13h-38m-06s;22;35;25.2;2055;12;1100;1;1824;45;206;425;99;1276
4093;C3;6;date_18d-07m-2024y;time_13h-42m-46s;24;14;15;1888;14;400;1;1676;27;205;225;264;1067
4093;C3;7;date_18d-07m-2024y;time_13h-46m-46s;13;18;18.33333333;1987;17;800;1;1767;29;211;544;121;1034
4093;C3;8;date_18d-07m-2024y;time_13h-51m-43s;28;40;22;2387;;0;1;2126;33;248;273;143;1617
4094;C3;1;date_23d-07m-2024y;time_11h-28m-30s;17;86;23;3000;19;700;1;2700;30;290;930;99;1727
4094;C3;2;date_23d-07m-2024y;time_11h-34m-26s;60;91;70;3000;15;1000;214;2672;34;314;1183;176;1122
4094;C3;3;date_23d-07m-2024y;time_11h-44m-24s;78;100;85;1415;;0;76;1189;27;219;489;44;583
4094;C3;4;date_23d-07m-2024y;time_11h-46m-08s;60;100;60.6;1425;;0;69;1159;27;259;499;55;594
4094;C3;5;date_23d-07m-2024y;time_11h-50m-00s;7;42;20.2;3000;29;0;2397;2669;32;319;2668;11;110
4094;C3;6;date_23d-07m-2024y;time_11h-59m-46s;10;40;12.8;3000;31;0;2201;2768;18;234;2459;22;429
4094;C3;7;date_23d-07m-2024y;time_12h-10m-32s;10;60;17.66666667;3000;27;0;2000;2724;31;265;2393;33;429
4094;C3;8;date_23d-07m-2024y;time_12h-17m-49s;15;25;24;3000;23;0;1522;2679;32;309;2778;22;110
4095;C3;1;date_22d-07m-2024y;time_09h-06m-33s;31;85;29.2;3000;15;300;1;2706;29;285;765;176;1683
4095;C3;2;date_22d-07m-2024y;time_09h-16m-01s;10;81;15.2;3000;33;200;2496;2767;25;228;2855;11;143
4095;C3;3;date_22d-07m-2024y;time_09h-32m-27s;0;82;0;3000;35;0;2999;2746;19;255;3020;0;0
4095;C3;4;date_22d-07m-2024y;time_09h-41m-54s;30;80;53;3000;10;400;1;2712;32;276;1535;99;1012
4095;C3;5;date_22d-07m-2024y;time_09h-45m-23s;55;80;58.4;3000;13;600;1;2628;45;347;1007;165;1551
4095;C3;6;date_22d-07m-2024y;time_09h-57m-09s;89;80;84.2;2298;9;600;1;2119;24;175;767;209;880
4095;C3;7;date_22d-07m-2024y;time_10h-02m-48s;76;80;80.33333333;2375;10;600;1;2094;37;264;481;110;1364
4095;C3;8;date_22d-07m-2024y;time_10h-05m-22s;65;81;66.6;2255;12;1100;1;1984;45;246;878;220;946
4096;C3;1;date_18d-07m-2024y;time_09h-49m-26s;24;74;35;3000;11;100;4;2749;38;233;1359;187;1100
4096;C3;2;date_18d-07m-2024y;time_09h-55m-19s;79;79;69.4;3000;14;0;6;2831;12;177;1777;88;759
4096;C3;3;date_18d-07m-2024y;time_10h-04m-59s;37;77;60.8;2645;;1000;266;2395;23;247;1433;77;682
4096;C3;4;date_18d-07m-2024y;time_10h-10m-07s;33;61;49.4;3000;15;300;1245;2838;18;164;1832;165;605
4096;C3;5;date_18d-07m-2024y;time_10h-20m-50s;14;85;37.2;3000;27;300;923;2913;12;95;2173;143;484
4096;C3;6;date_18d-07m-2024y;time_10h-26m-55s;10;87;23.4;2267;14;1200;229;2044;24;219;879;187;946
4096;C3;7;date_18d-07m-2024y;time_10h-37m-21s;7;83;21.16666667;3000;23;300;1083;2809;21;190;2448;44;330
4096;C3;8;date_18d-07m-2024y;time_10h-44m-02s;83;87;78.8;2985;;0;38;2744;33;228;1685;77;748
4097;C3;1;date_22d-07m-2024y;time_09h-17m-10s;55;86;44.4;3000;12;100;6;2836;15;169;655;165;1793
4097;C3;2;date_22d-07m-2024y;time_09h-20m-16s;25;38;21.6;3000;32;600;5;3020;0;0;2250;77;484
4097;C3;3;date_22d-07m-2024y;time_09h-23m-00s;36;32;30.2;3000;24;0;1324;2888;8;124;1744;88;880
4097;C3;4;date_22d-07m-2024y;time_09h-28m-26s;59;35;48.6;3000;17;900;2317;2699;40;281;2338;44;374
4097;C3;5;date_22d-07m-2024y;time_09h-39m-09s;38;35;33.6;3000;30;400;2741;2701;42;277;2987;0;22
4097;C3;6;date_22d-07m-2024y;time_09h-47m-40s;19;38;22.2;3000;19;400;2594;2739;50;231;2624;22;242
4097;C3;7;date_22d-07m-2024y;time_09h-53m-10s;35;40;26.5;3000;24;0;1921;2720;46;254;2844;11;110
4097;C3;8;date_22d-07m-2024y;time_09h-59m-22s;41;40;24.6;3000;22;0;1906;2690;43;287;2624;22;220
4098;C3;1;date_30d-07m-2024y;time_15h-10m-57s;20;100;30;3000;6;1200;1;2680;47;293;457;330;1991
4098;C3;2;date_30d-07m-2024y;time_15h-21m-13s;65;100;77;3000;9;300;3;2683;53;284;1062;176;1441
4098;C3;3;date_30d-07m-2024y;time_15h-30m-18s;65;100;64;2289;;800;4;1912;55;342;989;198;748
4098;C3;4;date_30d-07m-2024y;time_15h-50m-47s;70;100;66;2993;3;500;1;2746;34;233;648;308;1540
4098;C3;5;date_30d-07m-2024y;time_15h-57m-04s;0;100;29;1149;17;300;6;946;29;194;322;143;352
4098;C3;6;date_30d-07m-2024y;time_16h-00m-03s;0;100;77;1005;18;300;4;915;14;96;222;143;429
4098;C3;7;date_30d-07m-2024y;time_16h-03m-38s;10;100;35.83333333;3000;16;300;1094;2635;42;343;2536;143;209
4098;C3;8;date_30d-07m-2024y;time_16h-09m-11s;25;25;65;1907;7;1100;1;1644;35;248;629;187;836
4099;C3;1;date_07d-08m-2024y;time_10h-02m-41s;35;40;50;3000;16;1200;1;2653;41;326;776;220;1705
4099;C3;2;date_07d-08m-2024y;time_10h-08m-27s;87;75;66.8;1832;;100;35;1524;33;295;257;319;990
4099;C3;3;date_07d-08m-2024y;time_10h-15m-16s;100;90;95.6;1662;;0;32;1531;14;137;76;253;902
4099;C3;4;date_07d-08m-2024y;time_10h-23m-02s;100;93;98.6;1306;;0;22;1100;21;205;61;187;660
4099;C3;5;date_07d-08m-2024y;time_10h-25m-21s;45;89;63;3000;12;300;1;2796;16;208;1062;242;1320
4099;C3;6;date_07d-08m-2024y;time_10h-32m-50s;43;72;55.6;3000;18;200;12;2775;21;224;1667;165;913
4099;C3;7;date_07d-08m-2024y;time_10h-41m-02s;61;61;61.83333333;2069;8;900;2;1815;32;242;252;385;1067
4099;C3;8;date_07d-08m-2024y;time_10h-44m-15s;72;71;74.6;2657;8;500;473;2488;16;173;741;275;1155
