"","Participant","Condition","Roundnr","Subjective_performance","Self.efficacy","Fluency","corrected_tick","remaining_rocks","victim_harm","idle_ticks","Human_idle","Robot_idle","Time_score","success"
"1",4005,"C1",1,10,65,24,2582,0,400,1,2292,50,2582,"win"
"2",4005,"C1",2,30,80,49.2,3000,16,400,4,2692,61,4600,"timeout"
"3",4005,"C1",3,100,100,62,1312,0,0,1,1086,34,1312,"win"
"4",4005,"C1",4,0,70,2,3000,6,600,6,2657,61,3600,"timeout"
"5",4005,"C1",5,6,29,2,1315,23,400,2,1144,37,3615,"fatal"
"6",4005,"C1",6,2,16,0,2355,12,1000,2,2097,54,3555,"fatal"
"7",4005,"C1",7,62,70,54.16666667,2089,0,0,1,1781,41,2089,"win"
"8",4005,"C1",8,8,25,0,2321,15,1300,1,2072,42,3821,"fatal"
"9",4006,"C1",1,2,0,0.4,3000,14,1600,6,2629,50,4400,"timeout"
"10",4006,"C1",2,2,1,2,3000,12,2400,1,2701,50,4200,"timeout"
"11",4006,"C1",3,18,18,52.8,3000,13,800,1,2592,50,4300,"timeout"
"12",4006,"C1",4,10,26,18.6,3000,9,800,1,2676,61,3900,"timeout"
"13",4006,"C1",5,64,86,60.8,2813,0,0,5,2357,61,2813,"win"
"14",4006,"C1",6,36,44,40.6,2211,13,600,2,1836,42,3511,"fatal"
"15",4006,"C1",7,28,38,37.16666667,1289,26,500,3,1107,33,3889,"fatal"
"16",4006,"C1",8,14,34,21.2,3000,21,400,1,2579,61,5100,"timeout"
"17",4007,"C1",1,0,20,8,3000,18,2000,1,2499,50,4800,"timeout"
"18",4007,"C1",2,22,19,17.8,3000,15,500,1,2506,61,4500,"timeout"
"19",4007,"C1",3,23,20,23.8,3000,5,1400,1,2593,72,3500,"timeout"
"20",4007,"C1",4,30,26,33,2005,0,200,2,1591,45,2005,"win"
"21",4007,"C1",5,5,30,16,2559,7,2100,6,2226,49,3259,"fatal"
"22",4007,"C1",6,14,30,26.2,3000,10,1900,1,2665,61,4000,"timeout"
"23",4007,"C1",7,20,20,16.66666667,3000,19,800,2,2725,72,4900,"timeout"
"24",4007,"C1",8,40,30,50.6,3000,14,600,1,2610,1238,4400,"timeout"
"25",4008,"C1",1,15,40,47.2,3000,14,0,1,2507,50,4400,"timeout"
"26",4008,"C1",2,35,30,21,2745,0,300,1,2424,48,2745,"win"
"27",4008,"C1",3,39,70,44,3000,6,800,1,2482,61,3600,"timeout"
"28",4008,"C1",4,45,70,51,3000,7,600,1,2311,61,3700,"timeout"
"29",4008,"C1",5,26,35,20,2621,15,1100,1,2215,56,4121,"fatal"
"30",4008,"C1",6,30,70,26.8,3000,9,300,1,2404,501,3900,"timeout"
"31",4008,"C1",7,55,80,65.33333333,2489,0,0,6,1894,67,2489,"win"
"32",4008,"C1",8,83,82,82.2,1596,15,400,1,1322,43,3096,"fatal"
"33",4009,"C1",1,0,20,0,3000,28,800,3,2738,72,5800,"timeout"
"34",4009,"C1",2,20,10,16,3000,15,0,1,2761,50,4500,"timeout"
"35",4009,"C1",3,45,36,72,3000,5,300,1,2684,50,3500,"timeout"
"36",4009,"C1",4,30,60,58.4,2972,0,900,1,2617,55,2972,"win"
"37",4009,"C1",5,0,70,0,3000,13,700,1,2701,985,4300,"timeout"
"38",4009,"C1",6,0,0,0,3000,24,700,4,2616,61,5400,"timeout"
"39",4009,"C1",7,25,40,30,3000,18,400,3,2806,61,4800,"timeout"
"40",4009,"C1",8,0,0,0,3000,21,800,1,2794,50,5100,"timeout"
"41",4010,"C1",1,16,70,40.4,3000,10,300,1,2633,50,4000,"timeout"
"42",4010,"C1",2,25,61,42.8,3000,19,0,4,2768,50,4900,"timeout"
"43",4010,"C1",3,30,74,46.8,3000,15,1200,1,2694,50,4500,"timeout"
"44",4010,"C1",4,37,78,49.4,2996,5,1800,1,2636,57,3496,"timeout"
"45",4010,"C1",5,39,84,49.8,2744,16,1600,1,2481,58,4344,"fatal"
"46",4010,"C1",6,37,89,45.4,1697,12,2100,5,1455,45,2897,"fatal"
"47",4010,"C1",7,38,86,56.16666667,1893,15,1000,1,1614,43,3393,"fatal"
"48",4010,"C1",8,36,100,51.8,3000,21,1200,1,2638,50,5100,"timeout"
"49",4011,"C1",1,0,20,0,3000,23,900,1,2810,50,5300,"timeout"
"50",4011,"C1",2,0,20,0,3000,16,200,1,2670,61,4600,"timeout"
"51",4011,"C1",3,0,0,0,2832,0,700,1,2515,69,2832,"win"
"52",4011,"C1",4,0,0,0,3000,21,400,1,2913,50,5100,"timeout"
"53",4011,"C1",5,0,0,0,3000,20,800,1,2725,50,5000,"timeout"
"54",4011,"C1",6,25,30,22,2722,0,0,4,2404,58,2722,"win"
"55",4011,"C1",7,0,0,3.333333333,3000,15,1000,1,2838,941,4500,"timeout"
"56",4011,"C1",8,0,0,0,2003,25,300,2,1839,43,4503,"fatal"
"57",4012,"C1",1,11,0,0,2996,9,700,1,2530,57,3896,"timeout"
"58",4012,"C1",2,100,75,51.2,2287,0,400,1,1866,41,2287,"win"
"59",4012,"C1",3,34,25,29.8,3000,6,1700,1,2551,61,3600,"timeout"
"60",4012,"C1",4,77,44,64.4,1584,0,900,1,1278,42,1584,"win"
"61",4012,"C1",5,32,26,22,1991,11,1700,1,1576,42,3091,"fatal"
"62",4012,"C1",6,0,7,14,1961,18,500,6,1469,45,3761,"fatal"
"63",4012,"C1",7,0,0,0,1993,14,1000,1,1594,44,3393,"fatal"
"64",4012,"C1",8,38,0,29.6,2841,6,800,1,2369,56,3441,"fatal"
"65",4013,"C1",1,20,95,70.8,3000,23,300,1,2816,50,5300,"timeout"
"66",4013,"C1",2,65,75,61.6,3000,18,800,1,2730,50,4800,"timeout"
"67",4013,"C1",3,70,75,67.8,3000,17,500,1,2798,50,4700,"timeout"
"68",4013,"C1",4,68,68,63.6,3000,13,900,3,2709,61,4300,"timeout"
"69",4013,"C1",5,72,75,72.2,2427,0,500,1,2180,49,2427,"win"
"70",4013,"C1",6,75,70,76.2,3000,8,0,3,2717,72,3800,"timeout"
"71",4013,"C1",7,75,75,72.5,3000,10,600,1,2753,61,4000,"timeout"
"72",4013,"C1",8,75,72,69.2,3000,12,1300,6,2744,61,4200,"timeout"
"73",4014,"C1",1,25,75,47.8,3000,7,400,1,2616,50,3700,"timeout"
"74",4014,"C1",2,59,80,66.4,3000,19,0,2,2639,50,4900,"timeout"
"75",4014,"C1",3,49,69,50.6,3000,11,900,1,2584,50,4100,"timeout"
"76",4014,"C1",4,55,81,58,3000,7,800,6,2566,50,3700,"timeout"
"77",4014,"C1",5,54,70,57.6,2513,0,600,1,2189,58,2513,"win"
"78",4014,"C1",6,18,52,23,3000,25,400,1,2621,61,5500,"timeout"
"79",4014,"C1",7,20,66,56,2519,16,500,2,2198,53,4119,"fatal"
"80",4014,"C1",8,79,75,67.2,3000,15,0,1,2628,61,4500,"timeout"
"81",4015,"C1",1,0,14,0,3000,21,1200,5,2880,50,5100,"timeout"
"82",4015,"C1",2,0,0,0,3000,23,1300,1,2890,50,5300,"timeout"
"83",4015,"C1",3,3,22,8.6,3000,16,1400,1,2810,50,4600,"timeout"
"84",4015,"C1",4,0,9,6,3000,17,1000,1,2816,50,4700,"timeout"
"85",4015,"C1",5,0,8,4.4,3000,22,600,5,2794,116,5200,"timeout"
"86",4015,"C1",6,0,0,2.6,1138,29,700,5,1090,25,4038,"fatal"
"87",4015,"C1",7,11,7,13.5,2181,16,1100,1,2049,45,3781,"fatal"
"88",4015,"C1",8,0,7,0.8,3000,31,500,1,2778,204,6100,"timeout"
"89",4016,"C1",1,36,30,32.4,3000,11,300,1,2731,50,4100,"timeout"
"90",4016,"C1",2,10,14,12,3000,19,500,1,2735,50,4900,"timeout"
"91",4016,"C1",3,37,28,25,3000,6,1000,1,2713,61,3600,"timeout"
"92",4016,"C1",4,28,14,15.2,2883,0,300,1,2548,65,2883,"win"
"93",4016,"C1",5,17,25,20.6,2311,12,1700,2,2070,43,3511,"fatal"
"94",4016,"C1",6,16,11,5.8,1967,7,1200,1,1684,51,2667,"fatal"
"95",4016,"C1",7,7,9,10.5,2355,8,1400,1,2101,43,3155,"fatal"
"96",4016,"C1",8,10,8,11.6,2219,18,300,1,2061,50,4019,"fatal"
"97",4017,"C1",1,17,64,20,1942,0,200,1,1637,37,1942,"win"
"98",4017,"C1",2,6,30,8.2,3000,10,700,1,2438,50,4000,"timeout"
"99",4017,"C1",3,2,3,1.6,3000,9,600,1,2507,61,3900,"timeout"
"100",4017,"C1",4,37,33,61,3000,5,500,1,2501,50,3500,"timeout"
"101",4017,"C1",5,0,5,1,3000,27,700,1,2431,61,5700,"timeout"
"102",4017,"C1",6,62,38,64,1509,0,200,2,1228,44,1509,"win"
"103",4017,"C1",7,41,20,31.16666667,1951,14,900,1,1667,46,3351,"fatal"
"104",4017,"C1",8,0,0,0,3000,24,300,1,2616,61,5400,"timeout"
"105",4018,"C1",1,30,65,46.8,3000,17,0,1,2663,50,4700,"timeout"
"106",4018,"C1",2,31,29,28.2,3000,16,0,1,2636,50,4600,"timeout"
"107",4018,"C1",3,30,27,30.4,3000,11,1800,1,2687,61,4100,"timeout"
"108",4018,"C1",4,26,35,24.6,3000,15,400,1,2666,61,4500,"timeout"
"109",4018,"C1",5,36,31,20.2,2511,21,400,1,2318,45,4611,"fatal"
"110",4018,"C1",6,50,55,51.6,2386,0,300,1,2063,52,2386,"win"
"111",4018,"C1",7,31,40,25.5,3000,21,800,1,2826,61,5100,"timeout"
"112",4018,"C1",8,26,30,19.2,3000,17,0,1,2629,61,4700,"timeout"
"113",4019,"C1",1,0,27,0,3000,14,2600,1,2832,50,4400,"timeout"
"114",4019,"C1",2,56,50,58.6,3000,15,600,6,2637,61,4500,"timeout"
"115",4019,"C1",3,14,35,37.8,3000,21,200,1,2622,314,5100,"timeout"
"116",4019,"C1",4,27,23,47.8,3000,17,1300,1,2498,61,4700,"timeout"
"117",4019,"C1",5,32,32,59.6,3000,17,300,1,2769,963,4700,"timeout"
"118",4019,"C1",6,0,29,23,2987,12,1000,1,2562,59,4187,"fatal"
"119",4019,"C1",7,6,21,34.83333333,3000,21,100,1,2452,61,5100,"timeout"
"120",4019,"C1",8,0,0,57.8,3000,16,900,6,2790,61,4600,"timeout"
"121",4020,"C1",1,20,70,59.4,3000,9,500,1,2508,61,3900,"timeout"
"122",4020,"C1",2,71,70,56.4,2943,0,1000,1,2242,70,2943,"win"
"123",4020,"C1",3,13,14,9,3000,14,2500,1,2361,50,4400,"timeout"
"124",4020,"C1",4,0,0,0,3000,26,0,1,2604,2129,5600,"timeout"
"125",4020,"C1",5,13,20,42.2,2701,11,1200,1,1958,59,3801,"fatal"
"126",4020,"C1",6,36,10,45.2,2825,14,900,5,2398,315,4225,"fatal"
"127",4020,"C1",7,17,13,31.16666667,2095,20,1200,3,1609,168,4095,"fatal"
"128",4020,"C1",8,78,0,78.6,2483,7,1400,1,1907,50,3183,"fatal"
"129",4021,"C1",1,20,20,32,2660,0,500,1,2169,51,2660,"win"
"130",4021,"C1",2,10,50,10,3000,6,900,1,2489,50,3600,"timeout"
"131",4021,"C1",3,60,60,49,1638,0,100,2,1197,41,1638,"win"
"132",4021,"C1",4,14,30,13.4,3000,15,0,1,2702,61,4500,"timeout"
"133",4021,"C1",5,69,50,43.8,1813,0,200,1,1363,40,1813,"win"
"134",4021,"C1",6,0,0,0,3000,17,400,4,2247,61,4700,"timeout"
"135",4021,"C1",7,76,70,61.5,2054,0,700,1,1424,50,2054,"win"
"136",4021,"C1",8,0,0,0,3000,22,700,1,2458,61,5200,"timeout"
"137",4022,"C1",1,16,67,22.6,2775,0,200,1,2186,56,2775,"win"
"138",4022,"C1",2,1,6,3,3000,19,0,1,2415,61,4900,"timeout"
"139",4022,"C1",3,20,10,17.8,3000,21,300,2,2440,50,5100,"timeout"
"140",4022,"C1",4,58,57,52.8,3000,8,0,1,2527,50,3800,"timeout"
"141",4022,"C1",5,12,0,26.8,2167,16,600,1,1678,42,3767,"fatal"
"142",4022,"C1",6,35,29,23.4,2502,11,100,1,1822,58,3602,"fatal"
"143",4022,"C1",7,39,44,39.83333333,2933,12,100,1,2355,181,4133,"fatal"
"144",4022,"C1",8,43,32,41.2,2313,11,1100,1,1827,67,3413,"fatal"
"145",4023,"C1",1,1,55,9.8,3000,14,400,2,2884,61,4400,"timeout"
"146",4023,"C1",2,5,35,3.2,3000,21,500,2,2731,50,5100,"timeout"
"147",4023,"C1",3,2,4,4.6,3000,29,0,1,2746,50,5900,"timeout"
"148",4023,"C1",4,0,2,7.4,3000,27,100,1,2562,61,5700,"timeout"
"149",4023,"C1",5,58,64,62.2,3000,15,700,1,2693,116,4500,"timeout"
"150",4023,"C1",6,13,56,12.8,3000,23,1100,1,2697,61,5300,"timeout"
"151",4023,"C1",7,1,28,6.333333333,3000,23,1000,1,2809,61,5300,"timeout"
"152",4023,"C1",8,6,0,0.4,3000,24,100,3,2773,72,5400,"timeout"
"153",4024,"C1",1,30,70,56.8,3000,19,600,1,2728,50,4900,"timeout"
"154",4024,"C1",2,40,70,41,3000,20,0,1,2671,50,5000,"timeout"
"155",4024,"C1",3,60,71,59,3000,9,1200,5,2685,61,3900,"timeout"
"156",4024,"C1",4,55,70,56.8,3000,13,900,3,2692,61,4300,"timeout"
"157",4024,"C1",5,50,60,49.8,3000,21,900,1,2854,237,5100,"timeout"
"158",4024,"C1",6,63,66,57.8,3000,12,1700,3,2746,61,4200,"timeout"
"159",4024,"C1",7,50,64,52.33333333,3000,30,100,1,2947,479,6000,"timeout"
"160",4024,"C1",8,60,65,55.8,2997,13,900,1,2665,58,4297,"timeout"
"161",4035,"C2",1,0,0,0,3000,21,1000,1,2671,50,5100,"timeout"
"162",4035,"C2",2,10,0,2,3000,13,1700,1,2731,50,4300,"timeout"
"163",4035,"C2",3,40,50,30,3000,11,800,1,2716,50,4100,"timeout"
"164",4035,"C2",4,40,10,4,2967,0,1100,1,2635,61,2967,"win"
"165",4035,"C2",5,60,60,60,1435,0,0,6,1229,36,1435,"win"
"166",4035,"C2",6,55,20,55,1891,15,600,2,1634,41,3391,"fatal"
"167",4035,"C2",7,20,0,3.333333333,3000,7,1500,1,2677,160,3700,"timeout"
"168",4035,"C2",8,21,0,9.4,1649,20,700,1,1447,41,3649,"fatal"
"169",4036,"C2",1,0,90,0,3000,14,500,1,2638,50,4400,"timeout"
"170",4036,"C2",2,50,90,68,3000,16,0,2,2608,61,4600,"timeout"
"171",4036,"C2",3,50,80,64,2101,0,0,1,1758,53,2101,"win"
"172",4036,"C2",4,63,75,73.6,3000,16,200,5,2711,61,4600,"timeout"
"173",4036,"C2",5,70,90,76.8,3000,11,100,1,2544,50,4100,"timeout"
"174",4036,"C2",6,55,70,59.2,2973,12,1600,1,2595,56,4173,"fatal"
"175",4036,"C2",7,15,50,49.83333333,3000,18,700,5,2610,61,4800,"timeout"
"176",4036,"C2",8,60,60,67.8,3000,24,200,2,2679,61,5400,"timeout"
"177",4037,"C2",1,50,86,43.4,3000,14,500,1,2718,50,4400,"timeout"
"178",4037,"C2",2,42,75,44.4,3000,16,900,1,2636,50,4600,"timeout"
"179",4037,"C2",3,64,85,56.2,2533,0,900,1,2149,56,2533,"win"
"180",4037,"C2",4,38,86,40.2,3000,9,1500,1,2653,50,3900,"timeout"
"181",4037,"C2",5,13,61,7.4,3000,7,800,1,2520,50,3700,"timeout"
"182",4037,"C2",6,71,79,71.6,1547,0,600,5,1220,38,1547,"win"
"183",4037,"C2",7,0,65,28.66666667,3000,21,400,1,2542,61,5100,"timeout"
"184",4037,"C2",8,35,49,29.4,3000,18,200,1,2494,61,4800,"timeout"
"185",4038,"C2",1,15,60,26.6,3000,19,300,1,2707,50,4900,"timeout"
"186",4038,"C2",2,65,80,62,3000,12,700,3,2677,61,4200,"timeout"
"187",4038,"C2",3,50,60,52,2966,0,700,1,2585,60,2966,"win"
"188",4038,"C2",4,70,80,65,2776,0,200,1,2303,46,2776,"win"
"189",4038,"C2",5,45,65,40,1741,22,500,1,1441,45,3941,"fatal"
"190",4038,"C2",6,30,60,31,1683,19,500,1,1525,229,3583,"fatal"
"191",4038,"C2",7,75,80,75,2747,0,300,1,2204,50,2747,"win"
"192",4038,"C2",8,75,80,49,2229,0,200,2,1862,49,2229,"win"
"193",4039,"C2",1,8,7,7.8,3000,18,1100,3,2804,61,4800,"timeout"
"194",4039,"C2",2,21,18,20,3000,23,100,1,2848,61,5300,"timeout"
"195",4039,"C2",3,41,16,35.2,3000,12,400,1,2881,61,4200,"timeout"
"196",4039,"C2",4,14,3,17.6,3000,12,800,1,2837,61,4200,"timeout"
"197",4039,"C2",5,23,4,33.8,3000,26,100,1,2886,446,5600,"timeout"
"198",4039,"C2",6,32,19,38.2,1719,27,600,1,1643,45,4419,"fatal"
"199",4039,"C2",7,49,41,47.5,3000,22,400,1,2912,710,5200,"timeout"
"200",4039,"C2",8,55,43,53.8,3000,26,600,1,2912,1205,5600,"timeout"
"201",4040,"C2",1,35,24,18.2,3000,13,100,1,2643,61,4300,"timeout"
"202",4040,"C2",2,33,28,30.6,3000,15,300,2,2582,50,4500,"timeout"
"203",4040,"C2",3,53,33,49,2359,0,200,3,2128,47,2359,"win"
"204",4040,"C2",4,50,40,58,2437,0,100,3,2108,48,2437,"win"
"205",4040,"C2",5,21,0,25.2,3000,18,200,1,2706,61,4800,"timeout"
"206",4040,"C2",6,52,60,58.2,1985,0,100,1,1628,47,1985,"win"
"207",4040,"C2",7,18,19,20.83333333,3000,17,500,3,2821,50,4700,"timeout"
"208",4040,"C2",8,34,34,43,1822,0,200,1,1663,38,1822,"win"
"209",4041,"C2",1,19,9,17,3000,21,0,1,2748,50,5100,"timeout"
"210",4041,"C2",2,33,14,20.6,3000,28,0,1,2728,50,5800,"timeout"
"211",4041,"C2",3,43,42,49.8,2744,0,100,1,2288,47,2744,"win"
"212",4041,"C2",4,48,52,51.6,1956,0,100,1,1541,51,1956,"win"
"213",4041,"C2",5,55,55,56.4,2280,0,0,5,1864,45,2280,"win"
"214",4041,"C2",6,26,22,23.2,1813,14,600,1,1321,40,3213,"fatal"
"215",4041,"C2",7,16,23,27.33333333,1973,0,100,1,1585,46,1973,"win"
"216",4041,"C2",8,34,29,28.6,1605,14,300,1,1295,41,3005,"fatal"
"217",4042,"C2",1,5,10,9,3000,19,1500,1,2784,50,4900,"timeout"
"218",4042,"C2",2,4,11,5.2,3000,20,200,1,2714,50,5000,"timeout"
"219",4042,"C2",3,41,37,39,2968,0,1300,3,2577,51,2968,"win"
"220",4042,"C2",4,41,40,53.2,2134,0,200,5,1772,53,2134,"win"
"221",4042,"C2",5,19,10,22.6,2779,11,2100,1,2517,49,3879,"fatal"
"222",4042,"C2",6,42,40,38.8,1855,0,600,1,1599,49,1855,"win"
"223",4042,"C2",7,24,31,35.16666667,1753,15,1000,1,1513,35,3253,"fatal"
"224",4042,"C2",8,9,0,10.4,3000,15,800,4,2683,61,4500,"timeout"
"225",4043,"C2",1,0,0,10,3000,10,700,1,2721,50,4000,"timeout"
"226",4043,"C2",2,0,0,33.2,2946,0,1100,2,2654,51,2946,"win"
"227",4043,"C2",3,0,0,20.8,2439,0,700,1,2139,50,2439,"win"
"228",4043,"C2",4,0,0,7.2,3000,3,700,6,2577,61,3300,"timeout"
"229",4043,"C2",5,0,0,13.6,1605,15,600,1,1356,41,3105,"fatal"
"230",4043,"C2",6,0,0,21,3000,18,800,6,2789,1238,4800,"timeout"
"231",4043,"C2",7,25,10,42.66666667,3000,18,0,3,2834,292,4800,"timeout"
"232",4043,"C2",8,9,0,54.8,3000,14,300,1,2859,578,4400,"timeout"
"233",4044,"C2",1,19,8,32,3000,17,1100,2,2698,50,4700,"timeout"
"234",4044,"C2",2,56,54,50.6,3000,12,0,1,2713,50,4200,"timeout"
"235",4044,"C2",3,51,63,49.4,2381,0,0,5,2174,47,2381,"win"
"236",4044,"C2",4,30,29,14.4,3000,16,300,1,2612,50,4600,"timeout"
"237",4044,"C2",5,62,54,57.6,2955,0,600,1,2669,60,2955,"win"
"238",4044,"C2",6,17,9,27.6,2280,15,600,1,1895,56,3780,"fatal"
"239",4044,"C2",7,46,43,52.66666667,1817,19,500,2,1575,44,3717,"fatal"
"240",4044,"C2",8,66,62,66.4,1976,0,0,1,1746,49,1976,"win"
"241",4045,"C2",1,36,12,49.2,3000,13,0,1,2800,50,4300,"timeout"
"242",4045,"C2",2,32,32,34,3000,11,1700,2,2825,50,4100,"timeout"
"243",4045,"C2",3,26,40,33.6,3000,18,1300,1,2800,50,4800,"timeout"
"244",4045,"C2",4,47,42,47,3000,5,600,3,2714,61,3500,"timeout"
"245",4045,"C2",5,30,25,11.4,2017,14,600,1,1777,46,3417,"fatal"
"246",4045,"C2",6,27,17,30.2,2233,20,900,1,2005,53,4233,"fatal"
"247",4045,"C2",7,2,20,39.83333333,3000,22,0,3,2730,215,5200,"timeout"
"248",4045,"C2",8,33,29,36.8,3000,19,400,1,2695,116,4900,"timeout"
"249",4046,"C2",1,0,0,0,3000,23,400,1,2772,50,5300,"timeout"
"250",4046,"C2",2,5,5,5,3000,29,0,2,2766,61,5900,"timeout"
"251",4046,"C2",3,40,10,43,3000,15,0,1,2726,50,4500,"timeout"
"252",4046,"C2",4,35,11,49,3000,19,0,1,2643,61,4900,"timeout"
"253",4046,"C2",5,74,15,78,3000,10,200,3,2622,61,4000,"timeout"
"254",4046,"C2",6,27,25,22.8,3000,17,100,1,2629,50,4700,"timeout"
"255",4046,"C2",7,87,12,78,3000,14,0,1,2626,61,4400,"timeout"
"256",4046,"C2",8,12,6,12.4,3000,23,300,1,2747,50,5300,"timeout"
"257",4047,"C2",1,0,0,10,3000,14,500,1,2750,50,4400,"timeout"
"258",4047,"C2",2,1,0,5,3000,14,1300,2,2658,61,4400,"timeout"
"259",4047,"C2",3,0,0,2.6,3000,12,700,1,2573,50,4200,"timeout"
"260",4047,"C2",4,0,5,4.6,3000,9,1000,6,2699,61,3900,"timeout"
"261",4047,"C2",5,0,0,1,3000,24,1000,3,2753,61,5400,"timeout"
"262",4047,"C2",6,0,0,1,2357,19,800,1,2138,45,4257,"fatal"
"263",4047,"C2",7,1,0,1.5,3000,13,800,1,2620,50,4300,"timeout"
"264",4047,"C2",8,10,0,10.4,1834,0,100,1,1517,50,1834,"win"
"265",4048,"C2",1,0,0,0,3000,14,700,1,2733,50,4400,"timeout"
"266",4048,"C2",2,50,50,45,3000,19,100,1,2712,61,4900,"timeout"
"267",4048,"C2",3,55,40,19,3000,8,100,1,2785,61,3800,"timeout"
"268",4048,"C2",4,0,30,9,3000,16,100,6,2696,50,4600,"timeout"
"269",4048,"C2",5,0,0,0,3000,27,1200,1,2945,1722,5700,"timeout"
"270",4048,"C2",6,0,0,0,3000,28,600,4,2874,61,5800,"timeout"
"271",4048,"C2",7,0,0,0,2753,9,400,2,2427,78,3653,"fatal"
"272",4048,"C2",8,0,10,2,1773,0,100,2,1521,44,1773,"win"
"273",4050,"C2",1,44,60,49.6,2554,0,100,1,2348,55,2554,"win"
"274",4050,"C2",2,34,48,38,2890,0,0,2,2647,61,2890,"win"
"275",4050,"C2",3,12,42,16.6,3000,8,600,3,2615,61,3800,"timeout"
"276",4050,"C2",4,16,29,17.6,3000,9,600,6,2625,61,3900,"timeout"
"277",4050,"C2",5,23,37,39.8,3000,13,100,1,2675,61,4300,"timeout"
"278",4050,"C2",6,62,55,57.8,1540,0,0,1,1384,42,1540,"win"
"279",4050,"C2",7,7,39,27.16666667,3000,12,1200,5,2743,61,4200,"timeout"
"280",4050,"C2",8,0,33,25.2,3000,14,200,1,2803,160,4400,"timeout"
"281",4051,"C2",1,30,100,40.2,1834,0,200,1,1655,39,1834,"win"
"282",4051,"C2",2,40,100,14,3000,9,200,1,2661,50,3900,"timeout"
"283",4051,"C2",3,10,50,0,2403,0,700,1,2088,47,2403,"win"
"284",4051,"C2",4,0,0,0,3000,13,800,1,2603,61,4300,"timeout"
"285",4051,"C2",5,25,20,34,1641,0,600,1,1390,44,1641,"win"
"286",4051,"C2",6,0,0,0,1757,24,500,6,1506,39,4157,"fatal"
"287",4051,"C2",7,25,20,36.66666667,2048,0,0,1,1725,44,2048,"win"
"288",4051,"C2",8,40,30,48,2646,0,600,1,2344,59,2646,"win"
"289",4052,"C2",1,0,70,9.8,3000,19,300,1,2741,50,4900,"timeout"
"290",4052,"C2",2,14,16,12.2,3000,10,2500,1,2749,50,4000,"timeout"
"291",4052,"C2",3,23,19,21,2173,0,0,2,1945,48,2173,"win"
"292",4052,"C2",4,34,27,31,3000,11,100,1,2611,61,4100,"timeout"
"293",4052,"C2",5,37,21,33,3000,14,0,1,2591,61,4400,"timeout"
"294",4052,"C2",6,21,24,14,2619,20,1500,1,2300,54,4619,"fatal"
"295",4052,"C2",7,70,63,63.16666667,1887,0,0,1,1583,48,1887,"win"
"296",4052,"C2",8,62,63,64.8,1644,0,0,3,1386,47,1644,"win"
"297",4053,"C2",1,5,10,5,3000,16,700,5,2652,50,4600,"timeout"
"298",4053,"C2",2,20,25,38,2376,0,600,1,1985,53,2376,"win"
"299",4053,"C2",3,25,30,46,2405,0,800,4,2036,49,2405,"win"
"300",4053,"C2",4,90,40,70,1846,0,0,1,1539,40,1846,"win"
"301",4053,"C2",5,0,0,15,3000,8,1000,1,2698,226,3800,"timeout"
"302",4053,"C2",6,70,30,68,1599,0,200,1,1287,35,1599,"win"
"303",4053,"C2",7,70,60,72.5,2988,0,200,6,2532,60,2988,"win"
"304",4053,"C2",8,10,0,51,1581,23,900,1,1388,39,3881,"fatal"
"305",4054,"C2",1,30,85,54,3000,8,300,4,2648,50,3800,"timeout"
"306",4054,"C2",2,25,80,38,3000,12,1000,1,2744,61,4200,"timeout"
"307",4054,"C2",3,35,75,45.4,3000,14,1100,6,2653,50,4400,"timeout"
"308",4054,"C2",4,55,76,58,3000,15,500,1,2574,61,4500,"timeout"
"309",4054,"C2",5,45,69,57,2427,19,1000,1,2114,49,4327,"fatal"
"310",4054,"C2",6,60,65,63,3000,20,0,1,2789,61,5000,"timeout"
"311",4054,"C2",7,15,60,34.16666667,3000,23,100,1,2779,72,5300,"timeout"
"312",4054,"C2",8,5,40,30,3000,25,1100,1,2781,61,5500,"timeout"
"313",4055,"C2",1,20,36,16.4,2397,0,100,1,2108,41,2397,"win"
"314",4055,"C2",2,10,8,6.6,3000,14,900,2,2663,50,4400,"timeout"
"315",4055,"C2",3,15,0,18.8,3000,16,0,1,2467,50,4600,"timeout"
"316",4055,"C2",4,0,0,4,3000,14,1500,3,2530,61,4400,"timeout"
"317",4055,"C2",5,30,0,28.8,3000,13,0,1,2584,61,4300,"timeout"
"318",4055,"C2",6,0,0,0,2575,22,1200,1,2180,54,4775,"fatal"
"319",4055,"C2",7,0,0,0,2724,14,500,1,2310,60,4124,"fatal"
"320",4055,"C2",8,0,0,0.2,3000,16,400,1,2627,61,4600,"timeout"
"321",4069,"C3",1,0,65,37.6,3000,30,1600,4,2614,127,6000,"timeout"
"322",4069,"C3",2,53,81,69.4,3000,11,900,1,2624,61,4100,"timeout"
"323",4069,"C3",3,60,89,63.4,2336,0,400,1,1945,167,2336,"win"
"324",4069,"C3",4,55,93,68.6,3000,11,1300,6,2663,72,4100,"timeout"
"325",4069,"C3",5,90,96,88.6,1897,0,400,1,1695,47,1897,"win"
"326",4069,"C3",6,60,77,68.8,1889,24,500,2,1731,39,4289,"fatal"
"327",4069,"C3",7,79,60,70,2391,9,500,1,2207,46,3291,"fatal"
"328",4069,"C3",8,55,46,41.6,2425,18,1700,1,2223,47,4225,"fatal"
"329",4070,"C3",1,3,30,20.6,3000,14,700,1,2662,50,4400,"timeout"
"330",4070,"C3",2,38,34,53.8,3000,12,0,1,2743,50,4200,"timeout"
"331",4070,"C3",3,0,23,7.6,3000,12,700,1,2568,50,4200,"timeout"
"332",4070,"C3",4,57,64,63,2003,0,0,1,1748,43,2003,"win"
"333",4070,"C3",5,37,42,41.8,1539,18,1100,1,1354,41,3339,"fatal"
"334",4070,"C3",6,21,19,13,3000,15,1000,4,2743,1073,4500,"timeout"
"335",4070,"C3",7,61,62,59.33333333,2229,0,0,3,1916,49,2229,"win"
"336",4070,"C3",8,61,62,64.4,1640,0,0,1,1343,43,1640,"win"
"337",4073,"C3",1,60,59,41.4,3000,17,600,1,2802,50,4700,"timeout"
"338",4073,"C3",2,17,37,31.4,3000,34,0,2181,2837,2162,6400,"timeout"
"339",4073,"C3",3,11,34,38,3000,28,0,333,2843,2404,5800,"timeout"
"340",4073,"C3",4,26,57,48.6,3000,9,600,1,2741,72,3900,"timeout"
"341",4073,"C3",5,30,40,34.6,3000,19,600,1,2759,193,4900,"timeout"
"342",4073,"C3",6,10,12,10.8,3000,36,0,2255,2891,2723,6600,"timeout"
"343",4073,"C3",7,9,11,15,3000,25,100,1973,2814,2008,5500,"timeout"
"344",4073,"C3",8,12,9,54,2957,21,400,2,2771,1910,5057,"fatal"
"353",4081,"C3",1,10,90,40,3000,18,500,563,2838,600,4800,"timeout"
"354",4081,"C3",2,55,90,59,1270,0,0,10,1046,58,1270,"win"
"355",4081,"C3",3,60,90,36.8,887,0,0,2,706,38,887,"win"
"356",4081,"C3",4,65,90,26,1123,0,0,1,982,43,1123,"win"
"357",4081,"C3",5,60,90,26,922,0,100,1,759,40,922,"win"
"358",4081,"C3",6,10,90,1,3000,32,0,803,2770,2745,6200,"timeout"
"359",4081,"C3",7,0,80,13.33333333,3000,37,0,2786,2886,2800,6700,"timeout"
"360",4081,"C3",8,0,50,12,3000,30,200,2,2903,2679,6000,"timeout"
"361",4082,"C3",1,42,60,43.8,3000,19,1300,1,2743,358,4900,"timeout"
"362",4082,"C3",2,57,63,59.2,2582,0,0,1,2290,919,2582,"win"
"363",4082,"C3",3,62,64,64,2251,0,0,1,2023,500,2251,"win"
"364",4082,"C3",4,70,70,73,2356,0,0,1,2074,341,2356,"win"
"365",4082,"C3",5,50,62,44.2,3000,28,0,2668,2735,2899,5800,"timeout"
"366",4082,"C3",6,41,57,35,3000,26,0,2999,2699,3020,5600,"timeout"
"367",4082,"C3",7,54,64,61.16666667,2830,0,600,4,2519,2806,2830,"win"
"368",4082,"C3",8,52,57,40.4,3000,23,300,2451,2739,2833,5300,"timeout"
"369",4083,"C3",1,30,82,45.6,3000,21,0,1,2697,50,5100,"timeout"
"370",4083,"C3",2,41,91,43.6,2630,0,500,1,2265,54,2630,"win"
"371",4083,"C3",3,100,100,70,1355,0,0,12,1092,66,1355,"win"
"372",4083,"C3",4,70,90,60.6,2857,0,0,1822,2507,1843,2857,"win"
"373",4083,"C3",5,40,60,63,3000,9,800,1,2768,556,3900,"timeout"
"374",4083,"C3",6,40,60,50,3000,24,800,2922,2633,2943,5400,"timeout"
"375",4083,"C3",7,60,76,66.66666667,3000,27,700,1,2679,2536,5700,"timeout"
"376",4083,"C3",8,55,71,61.2,2237,0,1900,22,1963,112,2237,"win"
"385",4085,"C3",1,12,42,27.2,3000,16,900,1,2709,50,4600,"timeout"
"386",4085,"C3",2,83,58,66.2,1309,0,0,25,1082,53,1309,"win"
"387",4085,"C3",3,82,68,74.4,1361,0,0,6,1118,50,1361,"win"
"388",4085,"C3",4,61,62,63.2,3000,12,0,1913,2759,1942,4200,"timeout"
"389",4085,"C3",5,55,63,60.2,2577,0,200,1,2264,56,2577,"win"
"390",4085,"C3",6,59,58,60.6,3000,17,1000,2371,2743,2404,4700,"timeout"
"391",4085,"C3",7,84,69,73.16666667,1863,0,0,1,1612,46,1863,"win"
"392",4085,"C3",8,66,65,66.6,3000,14,700,1,2662,50,4400,"timeout"
"393",4086,"C3",1,4,85,21.2,3000,28,0,717,2811,1656,5800,"timeout"
"394",4086,"C3",2,0,22,0.4,3000,41,0,246,2976,2646,7100,"timeout"
"395",4086,"C3",3,0,16,0,3000,38,0,2999,2850,3020,6800,"timeout"
"396",4086,"C3",4,61,76,65.6,2077,0,0,1504,1812,1525,2077,"win"
"397",4086,"C3",5,45,63,38.4,2998,11,1100,1744,2650,1907,4098,"timeout"
"398",4086,"C3",6,43,56,57.6,3000,18,200,2034,2871,2030,4800,"timeout"
"399",4086,"C3",7,54,62,61.66666667,1769,0,100,1,1601,667,1769,"win"
"400",4086,"C3",8,45,46,43,1119,31,100,4,991,699,4219,"fatal"
"401",4087,"C3",1,13,11,14,3000,14,1000,1,2718,50,4400,"timeout"
"402",4087,"C3",2,57,50,54.6,1598,0,100,1,1375,56,1598,"win"
"403",4087,"C3",3,25,26,23.2,3000,26,0,2735,2804,2756,5600,"timeout"
"404",4087,"C3",4,73,69,79.2,1313,0,0,1,1141,46,1313,"win"
"405",4087,"C3",5,23,28,25,3000,27,400,2811,2729,2833,5700,"timeout"
"406",4087,"C3",6,30,45,45.4,2553,10,300,1,2317,54,3553,"fatal"
"407",4087,"C3",7,34,60,37.5,3000,19,700,1406,2753,1458,4900,"timeout"
"408",4087,"C3",8,62,38,37.2,3000,29,0,2844,2800,2866,5900,"timeout"
"417",4089,"C3",1,20,5,7,3000,17,400,1,2753,105,4700,"timeout"
"418",4089,"C3",2,0,0,4,3000,21,0,732,2748,776,5100,"timeout"
"419",4089,"C3",3,20,0,25,3000,7,1700,1,2685,1194,3700,"timeout"
"420",4089,"C3",4,30,0,36,2741,0,1000,1,2384,1606,2741,"win"
"421",4089,"C3",5,0,0,0,2027,13,1000,1,1743,45,3327,"fatal"
"422",4089,"C3",6,0,0,12.6,2321,7,2800,1,1989,53,3021,"fatal"
"423",4089,"C3",7,0,0,0.166666667,1815,14,600,1,1605,42,3215,"fatal"
"424",4089,"C3",8,0,0,0.6,2230,13,2200,1,1925,50,3530,"fatal"
"425",4090,"C3",1,8,87,34.6,3000,15,1000,2,2655,50,4500,"timeout"
"426",4090,"C3",2,60,75,58,3000,15,600,1,2732,809,4500,"timeout"
"427",4090,"C3",3,93,85,91,1857,0,100,46,1649,194,1857,"win"
"428",4090,"C3",4,10,60,17,3000,27,0,1756,2751,2580,5700,"timeout"
"429",4090,"C3",5,90,80,93,1359,0,0,16,1200,70,1359,"win"
"430",4090,"C3",6,97,90,93.6,1177,0,0,46,1041,64,1177,"win"
"431",4090,"C3",7,3,55,11.5,1771,13,300,3,1592,75,3071,"fatal"
"432",4090,"C3",8,7,55,3,3000,14,500,1617,2662,1667,4400,"timeout"
"433",4091,"C3",1,62,66,58.2,3000,23,1700,1,2734,61,5300,"timeout"
"434",4091,"C3",2,62,62,65.4,3000,8,0,1081,2877,1150,3800,"timeout"
"435",4091,"C3",3,66,61,68.2,3000,10,0,1696,2848,1909,4000,"timeout"
"436",4091,"C3",4,72,66,68.2,1774,0,0,96,1592,529,1774,"win"
"437",4091,"C3",5,52,65,66.8,3000,39,0,2987,2938,3009,6900,"timeout"
"438",4091,"C3",6,47,40,42.2,3000,37,0,2900,2814,2921,6700,"timeout"
"439",4091,"C3",7,41,41,37.16666667,3000,38,0,2933,2887,2954,6800,"timeout"
"440",4091,"C3",8,47,43,44.2,NA,0,NA,NA,2955,2991,NA,"win"
"441",4092,"C3",1,13,15,14.4,3000,29,400,1,2839,1018,5900,"timeout"
"442",4092,"C3",2,41,63,46.4,3000,7,1100,1,2723,50,3700,"timeout"
"443",4092,"C3",3,60,66,67.2,3000,7,600,1,2545,424,3700,"timeout"
"444",4092,"C3",4,43,44,41.8,3000,23,200,4,2775,1282,5300,"timeout"
"445",4092,"C3",5,61,70,61.8,2828,0,700,524,2579,868,2828,"win"
"446",4092,"C3",6,63,61,63,3000,13,200,1,2763,1194,4300,"timeout"
"447",4092,"C3",7,70,65,68.5,1466,0,0,1,1272,441,1466,"win"
"448",4092,"C3",8,76,75,61.8,2363,0,0,10,2136,249,2363,"win"
"449",4093,"C3",1,35,69,38.4,3000,20,500,4,2969,50,5000,"timeout"
"450",4093,"C3",2,50,61,56.2,3000,33,900,3,2911,61,6300,"timeout"
"451",4093,"C3",3,30,49,23.8,2555,0,100,1,2236,45,2555,"win"
"452",4093,"C3",4,21,11,11.4,3000,11,800,5,2669,50,4100,"timeout"
"453",4093,"C3",5,22,35,25.2,2055,12,1100,1,1824,40,3255,"fatal"
"454",4093,"C3",6,24,14,15,1888,14,400,1,1676,115,3288,"fatal"
"455",4093,"C3",7,13,18,18.33333333,1987,17,800,1,1767,49,3687,"fatal"
"456",4093,"C3",8,28,40,22,2387,0,0,1,2126,53,2387,"win"
"457",4094,"C3",1,17,86,23,3000,19,700,1,2700,50,4900,"timeout"
"458",4094,"C3",2,60,91,70,3000,15,1000,214,2672,138,4500,"timeout"
"459",4094,"C3",3,78,100,85,1415,0,0,76,1189,49,1415,"win"
"460",4094,"C3",4,60,100,60.6,1425,0,0,69,1159,59,1425,"win"
"461",4094,"C3",5,7,42,20.2,3000,29,0,2397,2669,2393,5900,"timeout"
"462",4094,"C3",6,10,40,12.8,3000,31,0,2201,2768,2217,6100,"timeout"
"463",4094,"C3",7,10,60,17.66666667,3000,27,0,2000,2724,2008,5700,"timeout"
"464",4094,"C3",8,15,25,24,3000,23,0,1522,2679,2558,5300,"timeout"
"465",4095,"C3",1,31,85,29.2,3000,15,300,1,2706,50,4500,"timeout"
"466",4095,"C3",2,10,81,15.2,3000,33,200,2496,2767,2525,6300,"timeout"
"467",4095,"C3",3,0,82,0,3000,35,0,2999,2746,3020,6500,"timeout"
"468",4095,"C3",4,30,80,53,3000,10,400,1,2712,820,4000,"timeout"
"469",4095,"C3",5,55,80,58.4,3000,13,600,1,2628,127,4300,"timeout"
"470",4095,"C3",6,89,80,84.2,2298,9,600,1,2119,52,3198,"fatal"
"471",4095,"C3",7,76,80,80.33333333,2375,10,600,1,2094,41,3375,"fatal"
"472",4095,"C3",8,65,81,66.6,2255,12,1100,1,1984,53,3455,"fatal"
"473",4096,"C3",1,24,74,35,3000,11,100,4,2749,61,4100,"timeout"
"474",4096,"C3",2,79,79,69.4,3000,14,0,6,2831,347,4400,"timeout"
"475",4096,"C3",3,37,77,60.8,2645,0,1000,266,2395,1433,2645,"win"
"476",4096,"C3",4,33,61,49.4,3000,15,300,1245,2838,1832,4500,"timeout"
"477",4096,"C3",5,14,85,37.2,3000,27,300,923,2913,2173,5700,"timeout"
"478",4096,"C3",6,10,87,23.4,2267,14,1200,229,2044,549,3667,"fatal"
"479",4096,"C3",7,7,83,21.16666667,3000,23,300,1083,2809,2448,5300,"timeout"
"480",4096,"C3",8,83,87,78.8,2985,0,0,38,2744,1377,2985,"win"
"481",4097,"C3",1,55,86,44.4,3000,12,100,6,2836,50,4200,"timeout"
"482",4097,"C3",2,25,38,21.6,3000,32,600,5,3020,61,6200,"timeout"
"483",4097,"C3",3,36,32,30.2,3000,24,0,1324,2888,1359,5400,"timeout"
"484",4097,"C3",4,59,35,48.6,3000,17,900,2317,2699,2338,4700,"timeout"
"485",4097,"C3",5,38,35,33.6,3000,30,400,2741,2701,2767,6000,"timeout"
"486",4097,"C3",6,19,38,22.2,3000,19,400,2594,2739,2624,4900,"timeout"
"487",4097,"C3",7,35,40,26.5,3000,24,0,1921,2720,2844,5400,"timeout"
"488",4097,"C3",8,41,40,24.6,3000,22,0,1906,2690,2569,5200,"timeout"
"489",4098,"C3",1,20,100,30,3000,6,1200,1,2680,61,3600,"timeout"
"490",4098,"C3",2,65,100,77,3000,9,300,3,2683,160,3900,"timeout"
"491",4098,"C3",3,65,100,64,2289,0,800,4,1912,65,2289,"win"
"492",4098,"C3",4,70,100,66,2993,3,500,1,2746,98,3293,"fatal"
"493",4098,"C3",5,0,100,29,1149,17,300,6,946,157,2849,"fatal"
"494",4098,"C3",6,0,100,77,1005,18,300,4,915,57,2805,"fatal"
"495",4098,"C3",7,10,100,35.83333333,3000,16,300,1094,2635,2536,4600,"timeout"
"496",4098,"C3",8,25,25,65,1907,7,1100,1,1644,134,2607,"fatal"
"497",4099,"C3",1,35,40,50,3000,16,1200,1,2653,61,4600,"timeout"
"498",4099,"C3",2,87,75,66.8,1832,0,100,35,1524,81,1832,"win"
"499",4099,"C3",3,100,90,95.6,1662,0,0,32,1531,76,1662,"win"
"500",4099,"C3",4,100,93,98.6,1306,0,0,22,1100,61,1306,"win"
"501",4099,"C3",5,45,89,63,3000,12,300,1,2796,842,4200,"timeout"
"502",4099,"C3",6,43,72,55.6,3000,18,200,12,2775,1612,4800,"timeout"
"503",4099,"C3",7,61,61,61.83333333,2069,8,900,2,1815,87,2869,"fatal"
"504",4099,"C3",8,72,71,74.6,2657,8,500,473,2488,521,3457,"fatal"
